Frequency_MHz,Station,Broadcaster,Format,Power_kW,Area,Transmitter_Site,Grid_Ref,Mode,RDS_PI_Code
87.6,Spirit Radio,Irish Ind,Christian,,Mullingar,,,FM,E7C2
87.7,BFBS,Community,Contemp/Adult (for Army),5e-05,"Cameron Barracks, Inverness",Cameron Barracks,NH 679 452,FM,C261
87.7,Bridge FM,Hospital RSL,Mixed Music,5e-05,Dundee,Nine Wells Hospital,NO 390 303,FM,CCDB
87.7,Bridge FM,Hospital RSL,Mixed Music,5e-05,Dundee,Royal Victoria Hospital,NO 378 304,FM,CCDB
87.7,Drive-In Theatres part time,Cinema RSL,Film Soundtrack,5e-05,Poole,Farmer Palmer's Farm Pk,SY 939 927,FM,
87.7,Fresh FM,Student RSL,New Music,5e-05,Barnstaple,North Devon College,SS 551 323,FM,
87.7,RNA FM,Hospital RSL,Mixed Music,5e-05,"Brechin, Angus",Brechin High School,NO 589 608,FM,
87.7,RNA FM,Hospital RSL,Mixed Music,5e-05,"Montrose, Angus",Montrose Aacdemy,NO 717 576,FM,
87.7,RNA FM,Hospital RSL,Mixed Music,5e-05,"Forfar, Angus",Whitehills Hospital,NO 467 514,FM,
87.7,Silverstone Radio part time,Sports RSL,Motor Racing,0.01,"Silverstone Circuit, Northants","Silverstone Circuit, Nthnts",SP 671 425,FM,
87.7,60 North FM,Tourist RSL,Mixed Format,0.001,"Brae, Shetland",Brae Marina,HU 351 678,FM,
87.7,North FM,Tourist RSL,Mixed Format,0.001,"Bressay & Noss Nature Rsv,Shetland",Bressay & Noss Nature RsvHU,489 376,FM,
87.7,60 North FM,Tourist RSL,Mixed Format,0.001,"Esha Ness, Shetland",Esha Ness,HU 206 785,FM,
87.7,60 North FM,Tourist RSL,Mixed Format,0.001,"Haroldswick, Shetland",Haroldswick,HP 643 134,FM,
87.7,60 North FM,Tourist RSL,Mixed Format,0.001,"Sumburgh Head, Shetland",Sumburgh Head,HU 407 079,FM,
87.7,60 North FM,Tourist RSL,Mixed Format,0.001,"Walls Marina, Shetland",Walls Marina,HU 243 492,FM,
87.7,Spirit Radio,Irish Ind,Christian,,"Letterkenny, Donegal",,,FM,E7C2
87.8,Radio 1,RTE,"Talk, Soft, Easy, Irish &Country",47,"NE Ireland, SE Northern Ireland",Clermont Carn,,FM,E1C0
87.8,Connemara Community Radio,Irish Community,Mixed Format,0.5,West Galway,Clifden,,FM,EAC2
87.8,Connemara Community Radio,Irish Community,Mixed Format,0.1,"Letterfrach, Galway",Ballyheer,,FM,EAC2
87.8,Radio Bronglais,Hospital RSL,Mixed Music,5e-05,Aberystwyth,Bronglais Hospital,SN 592 818,FM,
87.9,Omroep Zeeland,NOS,Dutch,15,"Zeeland, Netherlands (4)","Goes, Netherlands",,FM,2241
88.0,Heart North Wales,Communicorp,Pop Hits from 90s to present,1.4,Wrexham area,Wrexham,SJ 301 537,FM,CDC8
88.0,Spirit Radio,Irish Ind,Christian,0.2,Tralee and Castelisland,Knight’s Mountain,,FM,E7C2
88.0,TSF Radio Calais,France,French,,"Calais, France (6)","Calais, France",,FM,F211
88.1,Radio 2,BBC,"Oldies, Adult, Mixed Music 250.000",,N Cumbria & S W Scotland,Sandale,NY 266 398,FM,C202
88.1,Radio 2,BBC,"Oldies, Adult, Mixed Music 160.000",,Devon and East Cornwall,North Hessary Tor,SX 578 742,FM,C202
88.1,Radio 2,BBC,"Oldies, Adult, Mixed Music",5,North East Essex & South Suffolk,Manningtree,TM 123 295,FM,C202
88.1,Radio 2,BBC,"Oldies, Adult, Mixed Music",2,North Uist,Clettraval,NF 751 716,FM,C202
88.1,Radio 2,BBC,"Oldies, Adult, Mixed Music",4,West Surrey and NE Hampshire,Guildford,SU 975 486,FM,C202
88.1,Radio 2,BBC,"Oldies, Adult, Mixed Music",0.08,North Islay,Bowmore,NR 318 590,FM,C202
88.1,Radio 2,BBC,"Oldies, Adult, Mixed Music",0.05,"Deiniolen & Llanberis, Gwynedd",Deiniolen,SH 576 621,FM,C202
88.1,Radio 2,BBC,"Oldies, Adult, Mixed Music",0.05,"Grantham, Lincolnshire",Grantham,SK 905 337,FM,C202
88.1,Radio 2,BBC,"Oldies, Adult, Mixed Music",0.025,"Ballachulish, Highland",Ballachulish,NN 059 593,FM,C202
88.1,Radio 2,BBC,"Oldies, Adult, Mixed Music",0.01,Cirencester,Cirencester Town,SP 023 021,FM,C202
88.1,Radio 2,BBC,"Oldies, Adult, Mixed Music",0.01,Hay on Wye area,Clyro,SO 204 432,FM,C202
88.1,Radio 2,BBC,"Oldies, Adult, Mixed Music",0.01,"Portree, Skye",Penifiler,NG 489 417,FM,C202
88.1,Radio 2,BBC,"Oldies, Adult, Mixed Music",0.182,"Ffestiniog area, Gwynedd",Ffestiniog,SH 709 392,FM,C202
88.1,Radio 2,BBC,"Oldies, Adult, Mixed Music",0.014,"Mallaig, Highland",Mallaig,NM 676 965,FM,C202
88.1,Radio 2,BBC,"Oldies, Adult, Mixed Music",0.005,"Llanidloes, Powys",Llanidloes,SN 948 844,FM,C202
88.2,Radio 2,BBC,"Oldies, Adult, Mixed Music",0.5,Moray,Knock More,NJ 321 497,FM,C202
88.2,Radio 2,BBC,"Oldies, Adult, Mixed Music",0.012,"Bexhill, East Sussex",Bexhill,TQ 744 080,FM,C202
88.2,Radio 2,BBC,"Oldies, Adult, Mixed Music",0.1,"Nailsworth & Stroud, Gloucs",Nailsworth,ST 849 990,FM,C202
88.2,Radio 2,BBC,"Oldies, Adult, Mixed Music",0.1,Newbury & West Berkshire,Newbury,SU 494 687,FM,C202
88.2,Radio 2,BBC,"Oldies, Adult, Mixed Music",0.032,"Calne, Wiltshire",Calne,ST 997 699,FM,C202
88.2,Radio 2,BBC,"Oldies, Adult, Mixed Music",0.01,"Vale of Neath, South Wales",Rheola,SN 841 061,FM,C202
88.2,Radio 2,BBC,"Oldies, Adult, Mixed Music",0.01,"Betws-y-Coed, Llanrwst, N Wales",Betws-y-Coed,SH 825 582,FM,C202
88.2,Radio 1,RTE,"Talk, Soft, Easy, Irish &Country 125.000",,North West Ireland,Truskmore,,FM,E1C0
88.2,Radio 1,RTE,"Talk, Soft, Easy, Irish &Country",2.4,South East County Cork,Crosshaven,,FM,E1C0
88.3,Radio 2,BBC,"Oldies, Adult, Mixed Music 109.900",,Midlands,Sutton Coldfield,SK 113 003,FM,C202
88.3,Radio 2,BBC,"Oldies, Adult, Mixed Music",43,Shetland Islands,Bressay,HU 503 387,FM,C202
88.3,Radio 2,BBC,"Oldies, Adult, Mixed Music",17,"Dundee, Angus and North Fife",Forfar,NO 482 409,FM,C202
88.3,Radio 2,BBC,"Oldies, Adult, Mixed Music",0.25,"Barmouth area, Gwynedd",Llwyn Onn,SH 625 175,FM,C202
88.3,Radio 2,BBC,"Oldies, Adult, Mixed Music",0.2,Ness of Lewis,Ness of Lewis,NB 533 603,FM,C202
88.3,Radio 2,BBC,"Oldies, Adult, Mixed Music",0.2,"Patna & Dalmellington, Ayrshire",Lethanhill,NS 438 105,FM,C202
88.3,Radio 2,BBC,"Oldies, Adult, Mixed Music",0.05,"Ullapool, Highland",Ullapool,NH 142 935,FM,C202
88.3,Radio 2,BBC,"Oldies, Adult, Mixed Music",0.05,"Trowbridge area, Wiltshire",Westwood,ST 817 598,FM,C202
88.3,Radio 2,BBC,"Oldies, Adult, Mixed Music",0.064,"Windermere & Ambleside, Cmb",Windermere,SD 383 980,FM,C202
88.3,Radio 2,BBC,"Oldies, Adult, Mixed Music",0.05,Dumbarton & Alexandria,Millburn Muir,NS 378 796,FM,C202
88.3,Radio 2,BBC,"Oldies, Adult, Mixed Music",0.032,"Warrenpoint, Northern Ireland",Rostrevor Forest,IJ 189 176,FM,C202
88.3,Radio 2,BBC,"Oldies, Adult, Mixed Music",0.1,"Wensleydale, North Yorks",Wensleydale,SD 992 907,FM,C202
88.3,University Radio York,Student RSL,New Music,0.001,University of York,University of York,SE 622 506,FM,
88.3,Radio Brands part time,Sports RSL,Motor Racing,0.002,"Brands Hatch Circuit, Kent",Brands Hatch Circuit,TQ 574 647,FM,
88.3,Radio 1,RTE,"Talk, Soft, Easy, Irish &Country",3,South West County Cork,Castletownbere,,FM,E1C0
88.3,Radio 1,RTE,"Talk, Soft, Easy, Irish &Country",2.5,NE Donegal & North N Ireland,Moville,,FM,E1C0
88.3,Radio 1,RTE,"Talk, Soft, Easy, Irish &Country",1,SE Tipperary & N Waterford,Clonmel,,FM,E1C0
88.3,Radio 1,RTE,"Talk, Soft, Easy, Irish &Country",0.05,Waterford City,Gallows Hill,,FM,E1C0
88.4,Radio 2,BBC,"Oldies, Adult, Mixed Music",11,Isle of Man,Douglas,SC 373 746,FM,C202
88.4,Radio 2,BBC,"Oldies, Adult, Mixed Music",3,Carmarthenshire,Carmel,SN 576 153,FM,C202
88.4,Radio 2,BBC,"Oldies, Adult, Mixed Music",0.4,"Campbeltown, Argyll",Campbeltown,NR 707 172,FM,C202
88.4,Radio 2,BBC,"Oldies, Adult, Mixed Music",0.1,Folkestone area,Folkestone,TR 229 382,FM,C202
88.4,Radio 2,BBC,"Oldies, Adult, Mixed Music",0.1,"Colwyn Bay area, North Wales",Penmaen Rhos,SH 877 779,FM,C202
88.4,Radio 2,BBC,"Oldies, Adult, Mixed Music",0.064,"Otley & Ilkley area, W Yorks",Wharfedale,SE 198 485,FM,C202
88.4,Radio 2,BBC,"Oldies, Adult, Mixed Music",0.025,"Hebden Bridge, West Yorks",Hebden Bridge,SD 988 267,FM,C202
88.4,Radio 2,BBC,"Oldies, Adult, Mixed Music",0.025,"Purley & Coulsdon, London",Kenley,TQ 329 592,FM,C202
88.4,Radio 2,BBC,"Oldies, Adult, Mixed Music",0.03,"Ebbw Vale & Tredegar, S Wales",Ebbw Vale,SO 159 088,FM,C202
88.4,Radio 2,BBC,"Oldies, Adult, Mixed Music",0.02,"Peebles, Border Region",Peebles,NT 228 416,FM,C202
88.4,Radio 2,BBC,"Oldies, Adult, Mixed Music",0.01,"Porth area, South Wales",Porth,ST 029 919,FM,C202
88.4,Radio 2,BBC,"Oldies, Adult, Mixed Music",0.01,"Walsden, West Yorkshire",Walsden South,SD 937 215,FM,C202
88.4,Gaydio,Community,LGBTQ+,0.035,Manchester,Portland Tower,SJ 842 979,FM,CCA5
88.4,Radio 1,RTE,"Talk, Soft, Easy, Irish &Country",3,"Casla, Galway",Casla,,FM,E1C0
88.4,Radio 1,RTE,"Talk, Soft, Easy, Irish &Country",1,Mid Kerry,Knockmoyle,,FM,E1C0
88.4,Athlone Community Radio,Irish Community,Mixed Format,0.05,"Athlone, County Westmeath",Blyry,,FM,ECC2
88.4,Slam FM,Netherlands,Dutch Dance,30,South West Netherlands (4),"Roosendaal,Netherlands",,FM,2231
88.5,Radio 2,BBC,"Oldies, Adult, Mixed Music 250.000",,Central Southern England,Rowridge,SZ 447 865,FM,C202
88.5,Radio 2,BBC,"Oldies, Adult, Mixed Music 134.000",,North East England,Pontop Pike,NZ 147 527,FM,C202
88.5,Radio 2,BBC,"Oldies, Adult, Mixed Music",30,"Skye, Harris, East N & S Uist",Skriaig,NG 451 408,FM,C202
88.5,Radio 2,BBC,"Oldies, Adult, Mixed Music",1,North Devon,Barnstaple,SS 502 289,FM,C202
88.5,Radio 2,BBC,"Oldies, Adult, Mixed Music",0.57,"Largs, Rothesay, Clyde Mouth",Rothesay,NS 125 691,FM,C202
88.5,Radio 2,BBC,"Oldies, Adult, Mixed Music",0.04,Plymouth,Plympton,SX 531 555,FM,C202
88.5,Radio 2,BBC,"Oldies, Adult, Mixed Music",0.01,Bradford,Idle,SE 163 374,FM,C202
88.5,Radio 2,BBC,"Oldies, Adult, Mixed Music",0.01,Blaenavon & Abersychan,Blaenavon,SO 277 063,FM,C202
88.5,Radio 2,BBC,"Oldies, Adult, Mixed Music",0.01,"Cwmafan, South Wales",Cwmafan,SS 798 936,FM,C202
88.5,Radio 1,RTE,"Talk, Soft, Easy, Irish &Country",10,County Dublin,Three Rock,,FM,E1C0
88.5,Radio 1,RTE,"Talk, Soft, Easy, Irish &Country",3,West County Waterford,Dungarvan,,FM,E1C0
88.6,Radio 2,BBC,"Oldies, Adult, Mixed Music",10,Milton Keynes and West Beds,Bow Brickhill,SP 914 342,FM,C202
88.6,Radio 2,BBC,"Oldies, Adult, Mixed Music",10,Herefordshire & NE Gloucs,Ridge Hill,SO 630 333,FM,C202
88.6,Radio 2,BBC,"Oldies, Adult, Mixed Music",4,"West, South & Central Lancs",Winter Hill,SD 660 144,FM,C202
88.6,Radio 2,BBC,"Oldies, Adult, Mixed Music",1,"Fort Augustus area, Highland",Fort Augustus,NH 361 049,FM,C202
88.6,Radio 2,BBC,"Oldies, Adult, Mixed Music",0.2,"Penicuik, Lothian",Penicuik,NT 229 597,FM,C202
88.6,Radio 2,BBC,"Oldies, Adult, Mixed Music",0.05,Berwick- upon- Tweed,Berwick- upon- Tweed,NT 980 547,FM,C202
88.6,Radio 2,BBC,"Oldies, Adult, Mixed Music",0.01,"Llangeinor, Pontycymer, M Gm",Llangeinor,SS 905 886,FM,C202
88.6,Radio Sheffield,BBC,Mixed Format,0.324,Sheffield,"Tapton Hill, Sheffield",SK 324 870,FM,CF14
88.6,Radio 1,RTE,"Talk, Soft, Easy, Irish &Country",0.15,"Mitchelstown, County Cork",Mitchelstown,,FM,E1C0
88.7,Radio 2,BBC,"Oldies, Adult, Mixed Music 250.000",,Ceredigion & SW Gwynedd,Blaenplwyf,SN 569 756,FM,C202
88.7,Radio 2,BBC,"Oldies, Adult, Mixed Music 150.000",,Aberdeenshire,Meldrum,NJ 760 329,FM,C202
88.7,Radio 2,BBC,"Oldies, Adult, Mixed Music",31,Derry area,Londonderry,IC 404 176,FM,C202
88.7,Radio 2,BBC,"Oldies, Adult, Mixed Music",4,South East Northern Ireland,Camlough,IJ 055 246,FM,C202
88.7,Radio 2,BBC,"Oldies, Adult, Mixed Music",0.79,Torbay,Beacon Hill,SX 857 620,FM,C202
88.7,Radio 2,BBC,"Oldies, Adult, Mixed Music",1,South West Stirlingshire,Ben Gullipen,NN 598 045,FM,C202
88.7,Radio 2,BBC,"Oldies, Adult, Mixed Music",0.084,West Halifax,Luddenden,SE 048 248,FM,C202
88.7,Radio 2,BBC,"Oldies, Adult, Mixed Music",0.07,"Okehampton, Devon",Okehampton,SX 586 967,FM,C202
88.7,Radio 2,BBC,"Oldies, Adult, Mixed Music",0.04,Abergavenny & Usk Valley,Abergavenny,SO 244 126,FM,C202
88.7,Radio 2,BBC,"Oldies, Adult, Mixed Music",0.04,"Kirkconnel & Sanquhar, D & G",Kirkconnel,NS 746 150,FM,C202
88.7,Radio 2,BBC,"Oldies, Adult, Mixed Music",0.064,"Wigtown Bay area, D & G",Cambret Hill,NX 524 578,FM,C202
88.7,Radio 2,BBC,"Oldies, Adult, Mixed Music",0.05,"Corran and Onich, Highland",Ardgour,NM 989 626,FM,C202
88.7,Radio 1,RTE,"Talk, Soft, Easy, Irish &Country",2.5,"Bantry, SW County Cork",Bantry,,FM,E1C0
88.7,Radio 1,RTE,"Talk, Soft, Easy, Irish &Country",0.1,"Dunquin, Kerry",Maamclassach,,FM,E1C0
88.7,Community Radio Kilkenny,Irish Community,Mixed Format,,Kilkenny City,,,FM,E9C2
88.7,France Musique,Radio France,French Classical 400.000,,"Nord Pas de Calais, France (1)","Lille, France",,FM,F203
88.8,Radio 2,BBC,"Oldies, Adult, Mixed Music",16,Lincolnshire & E Yorkshire,Belmont,TF 217 837,FM,C202
88.8,Radio 2,BBC,"Oldies, Adult, Mixed Music",4,London area,Crystal Palace,TQ 339 712,FM,C202
88.8,Radio 2,BBC,"Oldies, Adult, Mixed Music",0.2,"Bodmin area, Cornwall",Penaligon Downs,SX 026 683,FM,C202
88.8,Radio 2,BBC,"Oldies, Adult, Mixed Music",0.1,"Ballycastle, Northern Ireland",Ballycastle,ID 077 423,FM,C202
88.8,Radio 2,BBC,"Oldies, Adult, Mixed Music",0.06,Isles of Scilly,Isles of Scilly,SV 911 124,FM,C202
88.8,Radio 2,BBC,"Oldies, Adult, Mixed Music",0.02,"Newtownabbey, N Ireland",Carnmoney Hill,IJ 336 829,FM,C202
88.8,Radio 2,BBC,"Oldies, Adult, Mixed Music",0.01,"Chippenham, Wiltshire",Chippenham,ST 914 751,FM,C202
88.8,Radio 2,BBC,"Oldies, Adult, Mixed Music",0.018,"Strachur & Inveraray, Strathcl",Strachur,NN 094 027,FM,C202
88.8,Radio 2,BBC,"Oldies, Adult, Mixed Music",0.006,"Rhondda Valley, South Wales",Ton Pentre,SS 960 955,FM,C202
88.8,Radio Jersey,BBC,Mixed Format,3.8,Jersey,Les Platons,CI 925 273,FM,C417
88.8,Radio 1,RTE,"Talk, Soft, Easy, Irish &Country 120.000",,West Ireland,Maghera,,FM,E1C0
88.8,Radio 1,RTE,"Talk, Soft, Easy, Irish &Country",0.1,"Falcarragh, Donegal",Magheroarty,,FM,E1C0
88.9,Radio 2,BBC,"Oldies, Adult, Mixed Music",16,"NE Wales, Merseyside, Cheshire",Llangollen,SJ 209 488,FM,C202
88.9,Radio 2,BBC,"Oldies, Adult, Mixed Music",5,"Oban area, Highland",Oban,NM 850 290,FM,C202
88.9,Radio 2,BBC,"Oldies, Adult, Mixed Music",1,"Keighley area, West Yorks",Keighley,SE 069 444,FM,C202
88.9,Radio 2,BBC,"Oldies, Adult, Mixed Music",0.26,Cambridge area,"Madingley, Cambridge",TL 392 594,FM,C202
88.9,Radio 2,BBC,"Oldies, Adult, Mixed Music",0.125,West Berkshire & East Wilts,Membury,SU 307 763,FM,C202
88.9,Radio 2,BBC,"Oldies, Adult, Mixed Music",0.1,"Girvan, Ayrshire",Girvan,NX 211 981,FM,C202
88.9,Radio 2,BBC,"Oldies, Adult, Mixed Music",0.1,"Todmorden, West Yorks",Todmorden,SD 957 241,FM,C202
88.9,Radio 2,BBC,"Oldies, Adult, Mixed Music",0.124,Northampton,Northampton,SP 760 647,FM,C202
88.9,Radio 2,BBC,"Oldies, Adult, Mixed Music",0.033,"Chard, Somerset",Chard,ST 358 086,FM,C202
88.9,Radio 2,BBC,"Oldies, Adult, Mixed Music",0.048,"Swansea Valley, South Wales",Varteg Hill,SN 776 077,FM,C202
88.9,Radio 2,BBC,"Oldies, Adult, Mixed Music",0.007,Carmarthen,Carmarthen,SN 412 213,FM,C202
88.9,Radio 2,BBC,"Oldies, Adult, Mixed Music",0.01,"Brecon, Powys",Brecon,SO 030 299,FM,C202
88.9,Anker Radio,Hospital RSL,Mixed Music,,"George Eliot Hospital, Nuneaton",George Eliot Hospital,SP 356 906,FM,
88.9,Radio 1,RTE,"Talk, Soft, Easy, Irish &Country",2,County Monaghan,Monaghan,,FM,E1C0
88.9,Radio 1,RTE,"Talk, Soft, Easy, Irish &Country",2.7,North Innishowen,Malin,,FM,E1C0
88.9,Fun Radio,France,French Pop,1,"Boulogne, France (5)","Boulogne, France",,FM,F209
89.0,Radio 2,BBC,"Oldies, Adult, Mixed Music",5,"Teesside, S Durham, N Yorks",Bilsdale,SE 553 962,FM,C202
89.0,Radio 2,BBC,"Oldies, Adult, Mixed Music",0.964,Perth area,Kirkton Mailer,NO 102 210,FM,C202
89.0,Radio 2,BBC,"Oldies, Adult, Mixed Music",0.4,Chesterfield,Chesterfield,SK 383 764,FM,C202
89.0,Radio 2,BBC,"Oldies, Adult, Mixed Music",0.2,Swindon area,Blunsdon,SU 143 900,FM,C202
89.0,Radio 2,BBC,"Oldies, Adult, Mixed Music",0.065,South Islay,Port Ellen,NR 338 452,FM,C202
89.0,Radio 2,BBC,"Oldies, Adult, Mixed Music",0.1,"Kendal, Cumbria",Kendal,SD 540 912,FM,C202
89.0,Radio 2,BBC,"Oldies, Adult, Mixed Music",0.082,Bath,Bath,ST 769 654,FM,C202
89.0,Radio 2,BBC,"Oldies, Adult, Mixed Music",0.072,Gloucester & Cheltenham,Churchdown Hill,SO 880 188,FM,C202
89.0,Radio 2,BBC,"Oldies, Adult, Mixed Music",0.055,Exeter,St Thomas,SX 898 922,FM,C202
89.0,Radio 2,BBC,"Oldies, Adult, Mixed Music",0.01,"Abertillery, South Wales",Abertillery,SO 244 023,FM,C202
89.0,Radio 2,BBC,"Oldies, Adult, Mixed Music",0.01,"Croeserw, South Wales",Croeserw,SS 858 952,FM,C202
89.0,Radio 2,BBC,"Oldies, Adult, Mixed Music",0.01,"Minehead, Somerset",Minehead,SS 966 452,FM,C202
89.0,Manx Radio FM,Independent,Mixed Format,4,Central Isle of Man,Snaefell,SC 397 881,FM,C2A0
89.0,Radio 1,RTE,"Talk, Soft, Easy, Irish &Country",2.6,Mid Tipperary,Suir Valley,,FM,E1C0
89.0,Radio 1,RTE,"Talk, Soft, Easy, Irish &Country",0.025,"Kinsale, Cork",Kinsale,,FM,E1C0
89.1,Radio 2,BBC,"Oldies, Adult, Mixed Music 250.000",,London & South East England,Wrotham,TQ 595 604,FM,C202
89.1,Radio 2,BBC,"Oldies, Adult, Mixed Music",50,Border Region,Ashkirk,NT 470 244,FM,C202
89.1,Radio 2,BBC,"Oldies, Adult, Mixed Music",50,"E Lewis, N Skye & W Highland",Melvaig,NG 757 900,FM,C202
89.1,Radio 2,BBC,"Oldies, Adult, Mixed Music",2.8,Central Powys,Llandrindod Wells,SO 018 635,FM,C202
89.1,Radio 2,BBC,"Oldies, Adult, Mixed Music",0.2,West Dorset,Bridport,SY 453 915,FM,C202
89.1,Radio 2,BBC,"Oldies, Adult, Mixed Music",0.06,"Frome, Somerset",Egford Hill,ST 764 481,FM,C202
89.1,Radio 2,BBC,"Oldies, Adult, Mixed Music",0.05,"Conwy & Llandudno, N Wales",Conwy,SH 781 765,FM,C202
89.1,Radio 2,BBC,"Oldies, Adult, Mixed Music",0.05,"West Kilbride area, Ayrshire",West Kilbride,NS 215 483,FM,C202
89.1,Radio 2,BBC,"Oldies, Adult, Mixed Music",0.1,"Larne, Northern Ireland",Larne,ID 395 037,FM,C202
89.1,Radio 2,BBC,"Oldies, Adult, Mixed Music",0.008,"Llanfyllin, Powys",Llanfyllin,SJ 151 181,FM,C202
89.1,Radio 2,BBC,"Oldies, Adult, Mixed Music",0.004,"Combe Martin, Devon",Combe Martin,SS 582 462,FM,C202
89.1,Radio 2,BBC,"Oldies, Adult, Mixed Music",0.035,"Kingussie, Highland",Kingussie,NN 769 985,FM,C202
89.1,Radio 2,BBC,"Oldies, Adult, Mixed Music",,"Dartford Tunnel, Kent-Essex",Dartford Tunnel,TQ 571 769,FM,C202
89.1,BRMB,Community,"Oldies, Adult",0.1,North Central Birmingham,Barry Jackson Tower,SP 076 892,FM,
89.1,Soar Sound,Community,Mixed Format,,East Leicester,Aylestone St James RFC,,FM,
89.1,Radio 1,RTE,"Talk, Soft, Easy, Irish &Country",50,East Ireland,Kippure,,FM,E1C0
89.1,Radio 1,RTE,"Talk, Soft, Easy, Irish &Country",0.08,"Dingle Peninsula, County Kerry",Ballydavid,,FM,E1C0
89.2,Radio 2,BBC,"Oldies, Adult, Mixed Music",0.1,"Chalford & Stroud, Gloucs",Chalford,SO 883 017,FM,C202
89.2,Radio 2,BBC,"Oldies, Adult, Mixed Music",0.05,"Pontypool & Cwmbran, S Wales",Pontypool,ST 284 990,FM,C202
89.2,Radio 2,BBC,"Oldies, Adult, Mixed Music",0.042,"Aberdare area, South Wales",Aberdare,SO 034 013,FM,C202
89.2,Radio 2,BBC,"Oldies, Adult, Mixed Music",0.05,Greenock & Firth of Clyde,Rosneath,NS 258 811,FM,C202
89.2,Radio 2,BBC,"Oldies, Adult, Mixed Music",0.01,"Ogmore Vale, South Wales",Ogmore Vale,SS 929 894,FM,C202
89.2,Radio 2,BBC,"Oldies, Adult, Mixed Music",0.5,"Pitlochry & Aberfeldy, Perthshire",Pitlochry,NN 923 565,FM,C202
89.2,Pride Radio,Community,LGBTQ+,0.05,Newcastle,Newcastle Shieldfield H,NZ 257 649,FM,
89.2,Radio 1,RTE,"Talk, Soft, Easy, Irish &Country",4,East Donegal,Holywell Hill,,FM,E1C0
89.2,Radio 1,RTE,"Talk, Soft, Easy, Irish &Country",4,Cork City and East County Cork,Spur Hill,,FM,E1C0
89.2,Radio 1,RTE,"Talk, Soft, Easy, Irish &Country",0.04,North Kerry,Knockanore,,FM,E1C0
89.3,Radio 2,BBC,"Oldies, Adult, Mixed Music 250.000",,North West and Yorkshire,Holme Moss,SE 095 041,FM,C202
89.3,Radio 2,BBC,"Oldies, Adult, Mixed Music",41,Orkney Islands,Keelylang Hill,HY 378 102,FM,C202
89.3,Radio 2,BBC,"Oldies, Adult, Mixed Music",20,Pembrokeshire,Haverfordwest,SN 028 261,FM,C202
89.3,Radio 2,BBC,"Oldies, Adult, Mixed Music",1,South Uist,Daliburgh,NF 736 216,FM,C202
89.3,Radio 2,BBC,"Oldies, Adult, Mixed Music",1.3,Bristol,Ilchester Crescent,ST 577 700,FM,C202
89.3,Radio 2,BBC,"Oldies, Adult, Mixed Music",0.125,"Crieff area, Perthshire",Crieff,NN 814 200,FM,C202
89.3,Radio 2,BBC,"Oldies, Adult, Mixed Music",0.02,"Rhymney area, South Wales",Rhymney,SO 127 042,FM,C202
89.3,Radio 2,BBC,"Oldies, Adult, Mixed Music",4,"Fort William area, Highland",Fort William,NN 117 772,FM,C202
89.3,Radio 2,BBC,"Oldies, Adult, Mixed Music",2.2,"S Kapdale, E Islay, Jura",South Knapdale,NR 837 748,FM,C202
89.3,BFBS (Blandford),Community,Contemp/Adult (for Army),0.05,"Blandford, Dorset",Blandford Garrison,ST 915 079,FM,C261
89.3,Belfast 89 FM,Community,Oldies,0.15,Belfast,Belfast Europa Hotel,IJ 335 738,FM,
89.3,Radio 1,RTE,"Talk, Soft, Easy, Irish &Country",4,Central Mayo,Castlebar,,FM,E1C0
89.3,Radio 1,RTE,"Talk, Soft, Easy, Irish &Country",0.04,Athlone,Athlone,,FM,E1C0
89.3,France Musique,Radio France,French Classical,,"Dunkerque, France (6)","Dunkerque, France",,FM,F203
89.4,Radio 2,BBC,"Oldies, Adult, Mixed Music",9.8,Fermanagh and South Tyrone,Brougher Mountain,IH 350 527,FM,C202
89.4,Radio 2,BBC,"Oldies, Adult, Mixed Music",2.1,South East Aberdeenshire,Durris,NO 763 897,FM,C202
89.4,Radio 2,BBC,"Oldies, Adult, Mixed Music",0.1,"Porthmadog area, Gwynedd",Llandecwyn,SH 644 371,FM,C202
89.4,Radio 2,BBC,"Oldies, Adult, Mixed Music",0.1,"Hexham & Tyne Valley, Nthmb",Newton,NZ 036 653,FM,C202
89.4,Radio 2,BBC,"Oldies, Adult, Mixed Music",0.1,"Teignmouth area, Devon",Holcombe Down,SX 934 752,FM,C202
89.4,Radio 2,BBC,"Oldies, Adult, Mixed Music",0.04,"Weston-super-mare, Somerset",Hutton,ST 361 588,FM,C202
89.4,Radio 2,BBC,"Oldies, Adult, Mixed Music",0.12,"Machynlleth, Powys",Machynlleth,SH 723 003,FM,C202
89.4,Radio 2,BBC,"Oldies, Adult, Mixed Music",0.2,"Kilkeel, Northern Ireland",Kilkeel,IJ 281 180,FM,C202
89.4,Radio 2,BBC,"Oldies, Adult, Mixed Music",0.05,"Ventnor, Isle of Wight",Ventnor,SZ 567 783,FM,C202
89.4,Radio 2,BBC,"Oldies, Adult, Mixed Music",0.1,"Teignmouth area, Devon",Holcombe Down,SX 934 752,FM,C202
89.4,Radio 1,RTE,"Talk, Soft, Easy, Irish &Country",2.3,Limerick city,"Woodcock H, Limerick",,FM,E1C0
89.4,Radio 1,RTE,"Talk, Soft, Easy, Irish &Country",0.1,"Fermoy & Mitchelstown, Cork",Fermoy,,FM,E1C0
89.4,France Musique,Radio France,French Classical,1,"Boulogne and Calais, France (5)","Boulogne, France",,FM,F203
89.4,France Musique,Radio France,French Classical 170.000,,"West Bretagne, France (3)","Brest, France",,FM,F203
89.5,Radio 2,BBC,"Oldies, Adult, Mixed Music",46,"Oxon, Bucks, Berks, S Midlands",Oxford,SP 567 105,FM,C202
89.5,Radio 2,BBC,"Oldies, Adult, Mixed Music",10,Ayrshire,Darvel,NS 557 341,FM,C202
89.5,Radio 2,BBC,"Oldies, Adult, Mixed Music",5,"Tobermory area, Highland",Glengorm,NM 465 565,FM,C202
89.5,Radio 2,BBC,"Oldies, Adult, Mixed Music",0.926,Swansea area,Kilvey Hill,SS 672 940,FM,C202
89.5,Radio 2,BBC,"Oldies, Adult, Mixed Music",0.2,South Devon,Salcombe,SX 753 398,FM,C202
89.5,Radio 2,BBC,"Oldies, Adult, Mixed Music",0.08,"Axminster & Seaton, Devon",Axe Valley,SY 283 945,FM,C202
89.5,Radio 2,BBC,"Oldies, Adult, Mixed Music",0.02,"Innerleithen, Border",Innerleithen,NT 325 368,FM,C202
89.5,Radio 2,BBC,"Oldies, Adult, Mixed Music",0.01,"Darwen, Lancashire",Darwen,SD 708 223,FM,C202
89.5,Radio 2,BBC,"Oldies, Adult, Mixed Music",0.005,"Newbridge area, South Wales",Pennar,ST 209 958,FM,C202
89.5,Manx Radio FM,Independent,Mixed Format,0.05,"Ramsay, Isle of Man",Ramsay,SC 449 945,FM,C2A0
89.5,Manx Radio FM,Independent,Mixed Format,0.062,"Peel, Isle of Man",Peel,SC 236 836,FM,C2A0
89.5,Radio 1,RTE,"Talk, Soft, Easy, Irish &Country",1.2,West County Galway,Clifden,,FM,E1C0
89.5,Radio 1,RTE,"Talk, Soft, Easy, Irish &Country",3,West Kerry,Kilkeaveragh,,FM,E1C0
89.5,Radio 1,RTE,"Talk, Soft, Easy, Irish &Country",0.6,North East Wicklow,Greystones,,FM,E1C0
89.5,St Ita's Hospital Radio,Irish Hospital,Mixed Format,0.01,"St Ita’s Hospital, Portrane, Dublin",Portrane,,FM,
89.6,Radio 2,BBC,"Oldies, Adult, Mixed Music",20,Inverness & Moray Firth area,Rosemarkie,NH 762 623,FM,C202
89.6,Radio 2,BBC,"Oldies, Adult, Mixed Music",16,Channel Islands,Les Platons,CI 925 273,FM,C202
89.6,Radio 2,BBC,"Oldies, Adult, Mixed Music",3.4,North Northern Ireland,Limavady,IC 711 296,FM,C202
89.6,Radio 2,BBC,"Oldies, Adult, Mixed Music",0.3,"Tiverton, Devon",Gogwell,SS 967 111,FM,C202
89.6,Radio 2,BBC,"Oldies, Adult, Mixed Music",0.5,Hastings,Hastings,TQ 807 100,FM,C202
89.6,Radio 2,BBC,"Oldies, Adult, Mixed Music",0.1,"Whitby, North Yorkshire",Whitby,NZ 904 113,FM,C202
89.6,Radio 2,BBC,"Oldies, Adult, Mixed Music",0.032,"Blairgowrie & Rattray, Perthshire",Rosemount,NO 203 435,FM,C202
89.6,Radio 2,BBC,"Oldies, Adult, Mixed Music",0.01,"Ferndale, South Wales",Ferndale,ST 006 970,FM,C202
89.6,Radio 2,BBC,"Oldies, Adult, Mixed Music",0.01,"Llyswen area, Powys",Llyswen,SO 137 361,FM,C202
89.6,Radio 2,BBC,"Oldies, Adult, Mixed Music",0.01,"Whalley, Lancashire",Whalley,SD 729 352,FM,C202
89.6,Radio 2,BBC,"Oldies, Adult, Mixed Music",0.01,"Ludlow, Shropshire",Ludlow,SO 498 741,FM,C202
89.6,Radio 2,BBC,"Oldies, Adult, Mixed Music",0.06,"Keswick, Cumbria",Keswick Forest,NY 223 244,FM,C202
89.6,Radio 2,BBC,"Oldies, Adult, Mixed Music",0.048,"Welshpool, Powys",Long Mountain,SJ 265 057,FM,C202
89.6,Cannock Chase Radio,Community,Mixed Format,0.096,Rugeley and Trent Valley,Rugeley,SK 035 179,FM,CDA5
89.6,Westside Community Radio,Community,Rhythmic Music,0.007,"Southall, West London",Rutherford Tower,TQ 136 812,FM,
89.6,Radio 1,RTE,"Talk, Soft, Easy, Irish &Country 160.000",,South East Ireland,Mount Leinster,,FM,E1C0
89.6,Radio 1,RTE,"Talk, Soft, Easy, Irish &Country",3,West Donegal,Aranmore,,FM,E1C0
89.7,Radio 2,BBC,"Oldies, Adult, Mixed Music 250.000",,Norfolk and Suffolk,Tacolneston,TM 131 958,FM,C202
89.7,Radio 2,BBC,"Oldies, Adult, Mixed Music",17.6,West Cornwall,Redruth,SW 690 394,FM,C202
89.7,Radio 2,BBC,"Oldies, Adult, Mixed Music",0.4,"Lampeter & Teifi Valley, Ceredigion",Mynydd Pencarreg,SN 577 430,FM,C202
89.7,Radio 2,BBC,"Oldies, Adult, Mixed Music",0.1,Eyemouth and Border coast,Eyemouth,NT 947 599,FM,C202
89.7,Radio 2,BBC,"Oldies, Adult, Mixed Music",0.1,"Whitehaven area, Cumbria",Whitehaven,NX 992 123,FM,C202
89.7,Radio 2,BBC,"Oldies, Adult, Mixed Music",0.18,"Weardale, County Durham",Weardale,NZ 025 384,FM,C202
89.7,Radio 2,BBC,"Oldies, Adult, Mixed Music",0.1,"Newhaven & Seaford, Sussex",Newhaven,TQ 435 006,FM,C202
89.7,Radio 2,BBC,"Oldies, Adult, Mixed Music",0.05,"Lyme Regis, Dorset",Lyme Regis,SY 345 935,FM,C202
89.7,Radio 2,BBC,"Oldies, Adult, Mixed Music",0.031,"Stranraer, D & G",Stranraer,NX 111 632,FM,C202
89.7,Radio 2,BBC,"Oldies, Adult, Mixed Music",0.025,"Leatherhead area, Surrey",Mickleham,TQ 163 538,FM,C202
89.7,Radio 2,BBC,"Oldies, Adult, Mixed Music",0.02,"Barnoldswick area, Lancs",Barnoldswick,SD 897 490,FM,C202
89.7,Radio 2,BBC,"Oldies, Adult, Mixed Music",0.02,"Cornholme, West Yorkshire",Cornholme,SD 918 264,FM,C202
89.7,Radio 2,BBC,"Oldies, Adult, Mixed Music",0.015,"Caterham, Surrey",Caterham,TQ 343 557,FM,C202
89.7,Radio 2,BBC,"Oldies, Adult, Mixed Music",0.01,"Kinlochleven, Highland",Kinlochleven,NN 178 630,FM,C202
89.7,Radio 1,RTE,"Talk, Soft, Easy, Irish &Country",2.6,"Ballybofey, Donegal",Ballybofey,,FM,E1C0
89.7,Radio 1,RTE,"Talk, Soft, Easy, Irish &Country",0.05,Cork City,Collins Barracks,,FM,E1C0
89.7,Radio 1,RTE,"Talk, Soft, Easy, Irish &Country",0.04,"Lahinch, Clare",Lehinch,,FM,E1C0
89.8,Radio 2,BBC,"Oldies, Adult, Mixed Music",21,Anglesey & North Wales Coast,Llanddona,SH 582 810,FM,C202
89.8,Radio 2,BBC,"Oldies, Adult, Mixed Music",2,Isle of Lewis,Eitshal,NB 305 302,FM,C202
89.8,Radio 2,BBC,"Oldies, Adult, Mixed Music",1,Reading,Hemdean,SU 710 762,FM,C202
89.8,Radio 2,BBC,"Oldies, Adult, Mixed Music",1.2,"Matlock & Bakewell, Derbys",Stanton Moor,SK 246 637,FM,C202
89.8,Radio 2,BBC,"Oldies, Adult, Mixed Music",0.095,"Upper Tame Valley, Gt Mancs",Saddleworth,SD 987 050,FM,C202
89.8,Radio 2,BBC,"Oldies, Adult, Mixed Music",0.2,Leeds,Beecroft Hill,SE 237 350,FM,C202
89.8,Radio 2,BBC,"Oldies, Adult, Mixed Music",0.042,"West Tyneside, Tyne & Wear",Fenham,NZ 216 648,FM,C202
89.8,Radio 2,BBC,"Oldies, Adult, Mixed Music",0.05,"Llanrhaeadr ym Mochnant, Powys",Llanrhaeadr ym Moch.,SJ 174 260,FM,C202
89.8,Radio 2,BBC,"Oldies, Adult, Mixed Music",0.013,"Salisbury, Wiltshire",Salisbury,SU 136 285,FM,C202
89.8,Radio 2,BBC,"Oldies, Adult, Mixed Music",0.005,"Dartmouth area, Devon",Kingswear,SX 887 511,FM,C202
89.8,Radio 2,BBC,"Oldies, Adult, Mixed Music",0.72,"Speyside, Highland",Grantown,NJ 003 267,FM,C202
89.8,Cannock Chase Radio,Community,Mixed Format,0.05,"Burntwood, Staffordshire",Burntwood,SK 051 093,FM,CDA5
89.8,Radio 1,RTE,"Talk, Soft, Easy, Irish &Country",10,Co Longford and North Midlands,Cairn Hill,,FM,E1C0
89.8,Radio 1,RTE,"Talk, Soft, Easy, Irish &Country",5,North Donegal,Fanad,,FM,E1C0
89.8,Spirit Radio,Irish Ind,Christian,0.5,Limerick City,Woodcock Hill,,FM,E7C2
89.9,Radio 2,BBC,"Oldies, Adult, Mixed Music 250.000",,Central Scotland,Black Hill,NS 828 647,FM,C202
89.9,Radio 2,BBC,"Oldies, Adult, Mixed Music 250.000",,South Wales & West England,Wenvoe,ST 110 742,FM,C202
89.9,Radio 2,BBC,"Oldies, Adult, Mixed Music",0.32,Sheffield,"Tapton Hill, Sheffield",SK 324 870,FM,C202
89.9,Radio 2,BBC,"Oldies, Adult, Mixed Music",0.25,"Scarborough area, N Yorks",Oliver's Mount,TA 040 869,FM,C202
89.9,Radio 2,BBC,"Oldies, Adult, Mixed Music",0.083,"Haslingden area, Lancs",Haslingden,SD 795 236,FM,C202
89.9,Radio 2,BBC,"Oldies, Adult, Mixed Music",0.05,"Ivybridge, Devon",Ivybridge,SX 631 538,FM,C202
89.9,Radio 1,RTE,"Talk, Soft, Easy, Irish &Country",4.3,North West Mayo,Achill,,FM,E1C0
89.9,Spirit Radio,Irish Ind,Christian,1,Dublin,Three Rock,,FM,E7C2
89.9,France Musique,Radio France,French Classical 100.000,,"East Bretagne, France (3)","Rennes, France",,FM,F203
90.0,Radio 2,BBC,"Oldies, Adult, Mixed Music",11,East Kent,Swingate,TR 334 429,FM,C202
90.0,Radio 2,BBC,"Oldies, Adult, Mixed Music",10,South Cumbria & NW Lancs,Morecambe Bay,SD 239 791,FM,C202
90.0,Radio 2,BBC,"Oldies, Adult, Mixed Music",0.13,"Weymouth, Dorset",Weymouth,SY 663 779,FM,C202
90.0,Radio 2,BBC,"Oldies, Adult, Mixed Music",0.1,"Buxton, Derbyshire",Buxton,SK 060 753,FM,C202
90.0,Radio 2,BBC,"Oldies, Adult, Mixed Music",0.05,High Wycombe,High Wycombe,SU 856 942,FM,C202
90.0,Radio Shropshire,BBC,Mixed Format,0.01,"Church Stretton, Shropshire",Hazler Hill,SO 464 928,FM,C61A
90.0,YO1 Radio,Community,Mixed Format,,"Selby, North Yorkshire",,,FM,CDA5
90.0,Radio 1,RTE,"Talk, Soft, Easy, Irish &Country 150.000",,South West Ireland,Mullaghanish,,FM,E1C0
90.1,Radio 2,BBC,"Oldies, Adult, Mixed Music 123.600",,East & Central Northern Ireland,Divis,IJ 286 750,FM,C202
90.1,Radio 2,BBC,"Oldies, Adult, Mixed Music",40,"Cambs, Beds, S Lincs, E Nthnts",Peterborough,TL 127 913,FM,C202
90.1,Radio 2,BBC,"Oldies, Adult, Mixed Music",10,"Thurso & Wick area, Highland",Rumster Forest,ND 197 385,FM,C202
90.1,Radio 2,BBC,"Oldies, Adult, Mixed Music",5.6,North Northumberland,Chatton,NU 105 264,FM,C202
90.1,Radio 2,BBC,"Oldies, Adult, Mixed Music",0.6,Brighton and Worthing area,Whitehawk Hill,TQ 330 045,FM,C202
90.1,Radio 2,BBC,"Oldies, Adult, Mixed Music",0.02,Basingstoke,Basingstoke,SU 643 479,FM,C202
90.1,Radio 2,BBC,"Oldies, Adult, Mixed Music",0.1,"Marlborough area, Wilts",Marlborough,SU 209 688,FM,C202
90.1,Radio 2,BBC,"Oldies, Adult, Mixed Music",0.088,"Newcastle Emlyn area, Ceredigion",Llandyfriog,SN 348 412,FM,C202
90.1,Radio 2,BBC,"Oldies, Adult, Mixed Music",0.042,"Dee Valley, Aberdeenshire",Tullich,NO 379 984,FM,C202
90.1,Radio 2,BBC,"Oldies, Adult, Mixed Music",0.036,"Newtown, Powys",Llandinam,SO 050 877,FM,C202
90.1,Radio 2,BBC,"Oldies, Adult, Mixed Music",0.016,"Dolgellau, Gwynedd",Dolgellau,SH 727 185,FM,C202
90.1,Hope FM,Community,Christian,0.031,Bournemouth,Poole House,SZ 074 938,FM,
90.1,Legacy 90.1,Community,Rhythmic Music,0.025,Central Manchester,Hulme,SJ 830 961,FM,
90.1,Spirit Radio,Irish Ind,Christian,0.1,Waterford City,Carrickpherish,,FM,E7C2
90.1,Spirit Radio,Irish Ind,Christian,0.2,"Bray and Greystones, Wicklow",Greystones,,FM,E7C2
90.2,Radio 2,BBC,"Oldies, Adult, Mixed Music",5,Thirsk & Northallerton area,Woolmoor,SE 457 881,FM,C202
90.2,Radio 2,BBC,"Oldies, Adult, Mixed Music",1,"Burnley & Colne Valley, Lancs",Pendle Forest,SD 825 384,FM,C202
90.2,R Wales,BBC,Mixed Format,0.01,Hay on Wye area,Clyro,SO 204 432,FM,C418
90.2,WRFM,Community,Mixed Format,0.051,"Charlbury & Woodstock, Oxon",Stonesfield,SP 396 176,FM,C9A5
90.2,Radio 1,RTE,"Talk, Soft, Easy, Irish &Country",2,North County Tipperary,Kilduff,,FM,E1C0
90.2,100% NL,Netherlands,"Dutch Adult, Oldies",50,South West Netherlands (4),"Roosendaal, Netherlands",,FM,2240
90.3,Radio 3,BBC,Classical 250.000,,N Cumbria & S W Scotland,Sandale,NY 266 398,FM,C203
90.3,Radio 3,BBC,Classical 160.000,,Devon and East Cornwall,North Hessary Tor,SX 578 742,FM,C203
90.3,Radio 3,BBC,Classical,5,North East Essex & South Suffolk,Manningtree,TM 123 295,FM,C203
90.3,Radio 3,BBC,Classical,2,North Uist,Clettraval,NF 751 716,FM,C203
90.3,Radio 3,BBC,Classical,4,West Surrey and NE Hampshire,Guildford,SU 975 486,FM,C203
90.3,Radio 3,BBC,Classical,0.08,North Islay,Bowmore,NR 318 590,FM,C203
90.3,Radio 3,BBC,Classical,0.05,"Grantham, Lincolnshire",Grantham,SK 905 337,FM,C203
90.3,Radio 3,BBC,Classical,0.025,"Ballachulish, Highland",Ballachulish,NN 059 593,FM,C203
90.3,Radio 3,BBC,Classical,0.01,Cirencester,Cirencester Town,SP 023 021,FM,C203
90.3,Radio 3,BBC,Classical,0.01,"Portree, Skye",Penifiler,NG 489 417,FM,C203
90.3,Radio 3,BBC,Classical,0.014,"Mallaig, Highland",Mallaig,NM 676 965,FM,C203
90.3,R Wales,BBC,Mixed Format,0.05,"Deiniolen & Llanberis, Gwynedd",Deiniolen,SH 576 621,FM,C418
90.3,R Wales,BBC,Mixed Format,0.182,"Ffestiniog area, Gwynedd",Ffestiniog,SH 709 392,FM,C418
90.3,R Wales,BBC,Mixed Format,0.005,"Llanidloes, Powys",Llanidloes,SN 948 844,FM,C418
90.3,Spirit Radio,Irish Ind,Christian,0.2,"Ennis, County Clare",Ben Dash,,FM,E7C2
90.3,NEAR FM,Irish Community,Mixed Format,0.025,"Coolock, NE Dublin",Coolock,,FM,
90.4,Radio 3,BBC,Classical,0.5,Moray,Knock More,NJ 321 497,FM,C203
90.4,Radio 3,BBC,Classical,0.1,"Nailsworth & Stroud, Gloucs",Nailsworth,ST 849 990,FM,C203
90.4,Radio 3,BBC,Classical,0.1,Newbury & West Berkshire,Newbury,SU 494 687,FM,C203
90.4,Radio 3,BBC,Classical,0.032,"Calne, Wiltshire",Calne,ST 997 699,FM,C203
90.4,Three Counties Radio,BBC,Mixed Format,0.1,South East Hertfordshire,Epping Green,,FM,C511
90.4,R Wales,BBC,Mixed Format,0.01,"Vale of Neath, South Wales",Rheola,SN 841 061,FM,C418
90.4,R Wales,BBC,Mixed Format,0.01,"Betws-y-Coed, Llanrwst, N Wales",Betws-y-Coed,SH 825 582,FM,C418
90.4,2FM,RTE,"Contemporary, Adult 125.000",,North West Ireland,Truskmore,,FM,E2C0
90.4,2FM,RTE,"Contemporary, Adult",2.4,South East County Cork,Crosshaven,,FM,E2C0
90.4,Spirit Radio,Irish Ind,Christian,0.1,Dundalk,Dundalk,,FM,E7C2
90.4,VRT Radio 3,VRT,Flemish,50,"Flanders, Belgium (6)","Egem, Belgium",,FM,B203
90.5,Radio 3,BBC,Classical 109.900,,Midlands,Sutton Coldfield,SK 113 003,FM,C203
90.5,Radio 3,BBC,Classical,43,Shetland Islands,Bressay,HU 503 387,FM,C203
90.5,Radio 3,BBC,Classical,17,"Dundee, Angus and North Fife",Forfar,NO 482 409,FM,C203
90.5,Radio 3,BBC,Classical,0.2,Ness of Lewis,Ness of Lewis,NB 533 603,FM,C203
90.5,Radio 3,BBC,Classical,0.2,"Patna & Dalmellington, Ayrshire",Lethanhill,NS 438 105,FM,C203
90.5,Radio 3,BBC,Classical,0.05,"Ullapool, Highland",Ullapool,NH 142 935,FM,C203
90.5,Radio 3,BBC,Classical,0.05,"Trowbridge area, Wiltshire",Westwood,ST 817 598,FM,C203
90.5,Radio 3,BBC,Classical,0.064,"Windermere & Ambleside, Cmb",Windermere,SD 383 980,FM,C203
90.5,Radio 3,BBC,Classical,0.05,Dumbarton & Alexandria,Millburn Muir,NS 378 796,FM,C203
90.5,Radio 3,BBC,Classical,0.032,"Warrenpoint, Northern Ireland",Rostrevor Forest,IJ 189 176,FM,C203
90.5,Radio 3,BBC,Classical,0.1,"Wensleydale, North Yorks",Wensleydale,SD 992 907,FM,C203
90.5,R Wales,BBC,Mixed Format,0.25,"Barmouth area, Gwynedd",Llwyn Onn,SH 625 175,FM,C418
90.5,2FM,RTE,"Contemporary, Adult",3,South West County Cork,Castletownbere,,FM,E2C0
90.5,2FM,RTE,"Contemporary, Adult",2.5,NE Donegal & North N Ireland,Moville,,FM,E2C0
90.5,2FM,RTE,"Contemporary, Adult",1,SE Tipperary & N Waterford,Clonmel,,FM,E2C0
90.5,2FM,RTE,"Contemporary, Adult",0.05,Waterford City,Gallows Hill,,FM,E2C0
90.5,Spirit Radio,Irish Ind,Christian,1,Carlow,Killeshin,,FM,E7C2
90.6,Radio 3,BBC,Classical,11,Isle of Man,Douglas,SC 373 746,FM,C203
90.6,Radio 3,BBC,Classical,3,Carmarthenshire,Carmel,SN 576 153,FM,C203
90.6,Radio 3,BBC,Classical,0.4,"Campbeltown, Argyll",Campbeltown,NR 707 172,FM,C203
90.6,Radio 3,BBC,Classical,0.1,Folkestone area,Folkestone,TR 229 382,FM,C203
90.6,Radio 3,BBC,Classical,0.064,"Otley & Ilkley area, W Yorks",Wharfedale,SE 198 485,FM,C203
90.6,Radio 3,BBC,Classical,0.025,"Hebden Bridge, West Yorks",Hebden Bridge,SD 988 267,FM,C203
90.6,Radio 3,BBC,Classical,0.025,"Purley & Coulsdon, London",Kenley,TQ 329 592,FM,C203
90.6,Radio 3,BBC,Classical,0.03,"Ebbw Vale & Tredegar, S Wales",Ebbw Vale,SO 159 088,FM,C203
90.6,Radio 3,BBC,Classical,0.02,"Peebles, Border Region",Peebles,NT 228 416,FM,C203
90.6,Radio 3,BBC,Classical,0.01,"Porth area, South Wales",Porth,ST 029 919,FM,C203
90.6,Radio 3,BBC,Classical,0.01,"Walsden, West Yorkshire",Walsden South,SD 937 215,FM,C203
90.6,R Wales,BBC,Mixed Format,0.1,"Colwyn Bay area, North Wales",Penmaen Rhos,SH 877 779,FM,C418
90.6,Heritage Radio,Community,Muslim Community,0.09,Manchester,Manchester Duffield Court,SJ 841964,FM,
90.6,2FM,RTE,"Contemporary, Adult",3,"Casla, Galway",Casla,,FM,E2C0
90.6,2FM,RTE,"Contemporary, Adult",1,Mid Kerry,Knockmoyle,,FM,E2C0
90.6,Spirit Radio,Irish Ind,Christian,0.02,Athlone,Athlone,,FM,E7C2
90.7,Radio 3,BBC,Classical 250.000,,Central Southern England,Rowridge,SZ 447 865,FM,C203
90.7,Radio 3,BBC,Classical 134.000,,North East England,Pontop Pike,NZ 147 527,FM,C203
90.7,Radio 3,BBC,Classical,30,"Skye, Harris, East N & S Uist",Skriaig,NG 451 408,FM,C203
90.7,Radio 3,BBC,Classical,1,North Devon,Barnstaple,SS 502 289,FM,C203
90.7,Radio 3,BBC,Classical,0.57,"Largs, Rothesay, Clyde Mouth",Rothesay,NS 125 691,FM,C203
90.7,Radio 3,BBC,Classical,0.04,Plymouth,Plympton,SX 531 555,FM,C203
90.7,Radio 3,BBC,Classical,0.01,Bradford,Idle,SE 163 374,FM,C203
90.7,Radio 3,BBC,Classical,0.01,Blaenavon & Abersychan,Blaenavon,SO 277 063,FM,C203
90.7,R Wales,BBC,Mixed Format,0.01,"Cwmafan, South Wales",Cwmafan,SS 798 936,FM,C418
90.7,2FM,RTE,"Contemporary, Adult",10,County Dublin,Three Rock,,FM,E2C0
90.7,2FM,RTE,"Contemporary, Adult",3,West County Waterford,Dungarvan,,FM,E2C0
90.7,Financial News Radio,Netherlands,Dutch 100.000,,West Netherlands (4),"Lopik, Netherlands",,FM,
90.8,Radio 3,BBC,Classical,10,Milton Keynes and West Beds,Bow Brickhill,SP 914 342,FM,C203
90.8,Radio 3,BBC,Classical,10,Herefordshire & NE Gloucs,Ridge Hill,SO 630 333,FM,C203
90.8,Radio 3,BBC,Classical,4,"West, South & Central Lancs",Winter Hill,SD 660 144,FM,C203
90.8,Radio 3,BBC,Classical,1,"Fort Augustus area, Highland",Fort Augustus,NH 361 049,FM,C203
90.8,Radio 3,BBC,Classical,0.2,"Penicuik, Lothian",Penicuik,NT 229 597,FM,C203
90.8,Radio 3,BBC,Classical,0.05,Berwick- upon- Tweed,Berwick- upon- Tweed,NT 980 547,FM,C203
90.8,R Wales,BBC,Mixed Format,0.01,"Llangeinor, Pontycymer, M Gm",Llangeinor,SS 905 886,FM,C418
90.8,BFBS Gurkha Radio,Community,Nepali,,"Dover, Kent",Dover Community Centre,TR 326 430,FM,C262
90.8,2FM,RTE,"Contemporary, Adult",0.15,"Mitchelstown, County Cork",Mitchelstown,,FM,E2C0
90.9,Radio 3,BBC,Classical 250.000,,Ceredigion & SW Gwynedd,Blaenplwyf,SN 569 756,FM,C203
90.9,Radio 3,BBC,Classical 150.000,,Aberdeenshire,Meldrum,NJ 760 329,FM,C203
90.9,Radio 3,BBC,Classical,31,Derry area,Londonderry,IC 404 176,FM,C203
90.9,Radio 3,BBC,Classical,16,Lincolnshire & E Yorkshire,Belmont,TF 217 837,FM,C203
90.9,Radio 3,BBC,Classical,4,South East Northern Ireland,Camlough,IJ 055 246,FM,C203
90.9,Radio 3,BBC,Classical,0.79,Torbay,Beacon Hill,SX 857 620,FM,C203
90.9,Radio 3,BBC,Classical,1,South West Stirlingshire,Ben Gullipen,NN 598 045,FM,C203
90.9,Radio 3,BBC,Classical,0.084,West Halifax,Luddenden,SE 048 248,FM,C203
90.9,Radio 3,BBC,Classical,0.07,"Okehampton, Devon",Okehampton,SX 586 967,FM,C203
90.9,Radio 3,BBC,Classical,0.04,Abergavenny & Usk Valley,Abergavenny,SO 244 126,FM,C203
90.9,Radio 3,BBC,Classical,0.04,"Kirkconnel & Sanquhar, D & G",Kirkconnel,NS 746 150,FM,C203
90.9,Radio 3,BBC,Classical,0.064,"Wigtown Bay area, D & G",Cambret Hill,NX 524 578,FM,C203
90.9,Radio 3,BBC,Classical,0.05,"Corran and Onich, Highland",Ardgour,NM 989 626,FM,C203
90.9,2FM,RTE,"Contemporary, Adult",2.5,"Bantry, SW County Cork",Bantry,,FM,E2C0
90.9,2FM,RTE,"Contemporary, Adult",0.1,"Dunquin, Kerry",Maamclassach,,FM,E2C0
90.9,Spirit Radio,Irish Ind,Christian,0.5,Cork City,Holly Hill,,FM,E7C2
90.9,Dreamtime Radio,Irish Institution,Mixed Format,0.01,Kilkenny City,SOS Kilkenny City,,FM,
91.0,Radio 3,BBC,Classical,4,London area,Crystal Palace,TQ 339 712,FM,C203
91.0,Radio 3,BBC,Classical,0.2,"Bodmin area, Cornwall",Penaligon Downs,SX 026 683,FM,C203
91.0,Radio 3,BBC,Classical,0.1,"Ballycastle, Northern Ireland",Ballycastle,ID 077 423,FM,C203
91.0,Radio 3,BBC,Classical,0.06,Isles of Scilly,Isles of Scilly,SV 911 124,FM,C203
91.0,Radio 3,BBC,Classical,0.02,"Newtownabbey, N Ireland",Carnmoney Hill,IJ 336 829,FM,C203
91.0,Radio 3,BBC,Classical,0.01,"Chippenham, Wiltshire",Chippenham,ST 914 751,FM,C203
91.0,Radio 3,BBC,Classical,0.018,"Strachur & Inveraray, Strathcl",Strachur,NN 094 027,FM,C203
91.0,Radio 3,BBC,Classical,0.006,"Rhondda Valley, South Wales",Ton Pentre,SS 960 955,FM,C203
91.0,Sabras Radio,Independent,Asian,0.2,Leicester,Leicester Corah Works,SK 587 054,FM,C8B5
91.0,2FM,RTE,"Contemporary, Adult 120.000",,West Ireland,Maghera,,FM,E2C0
91.0,2FM,RTE,"Contemporary, Adult",0.1,"Falcarragh, Donegal",Magheroarty,,FM,E2C0
91.1,Radio 3,BBC,Classical,16,Channel Islands,Les Platons,CI 925 273,FM,C203
91.1,Radio 3,BBC,Classical,5,"Oban area, Highland",Oban,NM 850 290,FM,C203
91.1,Radio 3,BBC,Classical,1,"Keighley area, West Yorks",Keighley,SE 069 444,FM,C203
91.1,Radio 3,BBC,Classical,0.26,Cambridge area,"Madingley, Cambridge",TL 392 594,FM,C203
91.1,Radio 3,BBC,Classical,0.125,West Berkshire & East Wilts,Membury,SU 307 763,FM,C203
91.1,Radio 3,BBC,Classical,0.1,"Girvan, Ayrshire",Girvan,NX 211 981,FM,C203
91.1,Radio 3,BBC,Classical,0.1,"Todmorden, West Yorks",Todmorden,SD 957 241,FM,C203
91.1,Radio 3,BBC,Classical,0.124,Northampton,Northampton,SP 760 647,FM,C203
91.1,Radio 3,BBC,Classical,0.033,"Chard, Somerset",Chard,ST 358 086,FM,C203
91.1,Radio 3,BBC,Classical,0.048,"Swansea Valley, South Wales",Varteg Hill,SN 776 077,FM,C203
91.1,R Wales,BBC,Mixed Format,16,"NE Wales, Merseyside, Cheshire",Llangollen,SJ 209 488,FM,C418
91.1,R Wales,BBC,Mixed Format,0.007,Carmarthen,Carmarthen,SN 412 213,FM,C418
91.1,R Wales,BBC,Mixed Format,0.01,"Brecon, Powys",Brecon,SO 030 299,FM,C418
91.1,2FM,RTE,"Contemporary, Adult",2,County Monagahan,Monaghan,,FM,E2C0
91.1,2FM,RTE,"Contemporary, Adult",2.7,North Innishowen,Malin,,FM,E2C0
91.1,Skyrock,France,French Rap,1,"Dunkerque, France (6)","Dunkerque, France",,FM,F208
91.2,Radio 3,BBC,Classical,5,"Teesside, S Durham, N Yorks",Bilsdale,SE 553 962,FM,C203
91.2,Radio 3,BBC,Classical,0.964,Perth area,Kirkton Mailer,NO 102 210,FM,C203
91.2,Radio 3,BBC,Classical,0.4,Chesterfield,Chesterfield,SK 383 764,FM,C203
91.2,Radio 3,BBC,Classical,0.2,Swindon area,Blunsdon,SU 143 900,FM,C203
91.2,Radio 3,BBC,Classical,0.065,South Islay,Port Ellen,NR 338 452,FM,C203
91.2,Radio 3,BBC,Classical,0.1,"Kendal, Cumbria",Kendal,SD 540 912,FM,C203
91.2,Radio 3,BBC,Classical,0.082,Bath,Bath,ST 769 654,FM,C203
91.2,Radio 3,BBC,Classical,0.072,Gloucester & Cheltenham,Churchdown Hill,SO 880 188,FM,C203
91.2,Radio 3,BBC,Classical,0.055,Exeter,St Thomas,SX 898 922,FM,C203
91.2,Radio 3,BBC,Classical,0.01,"Minehead, Somerset",Minehead,SS 966 452,FM,C203
91.2,R Wales,BBC,Mixed Format,0.01,"Abertillery, South Wales",Abertillery,SO 244 023,FM,C418
91.2,R Wales,BBC,Mixed Format,0.01,"Croeserw, South Wales",Croeserw,SS 858 952,FM,C418
91.2,Energy FM,Independent,Contemporary,1.2,Central Isle of Man,Snaefell,SC 397 881,FM,C3A0
91.2,2FM,RTE,"Contemporary, Adult",2.6,Mid Tipperary,Suir Valley,,FM,E2C0
91.2,2FM,RTE,"Contemporary, Adult",0.025,"Kinsale, Cork",Kinsale,,FM,E2C0
91.2,Spirit Radio,Irish Ind,Christian,0.2,"Killarney, County Kerry",,,FM,E7C2
91.3,Radio 3,BBC,Classical 250.000,,London & South East England,Wrotham,TQ 595 604,FM,C203
91.3,Radio 3,BBC,Classical,50,Border Region,Ashkirk,NT 470 244,FM,C203
91.3,Radio 3,BBC,Classical,50,"E Lewis, N Skye & W Highland",Melvaig,NG 757 900,FM,C203
91.3,Radio 3,BBC,Classical,0.2,West Dorset,Bridport,SY 453 915,FM,C203
91.3,Radio 3,BBC,Classical,0.06,"Frome, Somerset",Egford Hill,ST 764 481,FM,C203
91.3,Radio 3,BBC,Classical,0.05,"West Kilbride area, Ayrshire",West Kilbride,NS 215 483,FM,C203
91.3,Radio 3,BBC,Classical,0.1,"Larne, Northern Ireland",Larne,ID 395 037,FM,C203
91.3,Radio 3,BBC,Classical,0.004,"Combe Martin, Devon",Combe Martin,SS 582 462,FM,C203
91.3,Radio 3,BBC,Classical,0.035,"Kingussie, Highland",Kingussie,NN 769 985,FM,C203
91.3,Radio 3,BBC,Classical,,"Dartford Tunnel, Kent-Essex",Dartford Tunnel,TQ 571 769,FM,C203
91.3,R Wales,BBC,Mixed Format,2.8,Central Powys,Llandrindod Wells,SO 018 635,FM,C418
91.3,R Wales,BBC,Mixed Format,0.05,"Conwy & Llandudno, N Wales",Conwy,SH 781 765,FM,C418
91.3,R Wales,BBC,Mixed Format,0.008,"Llanfyllin, Powys",Llanfyllin,SJ 151 181,FM,C418
91.3,Raaj FM,Community,Punjabi,0.025,"Sandwell, West Midlands",Sandwell West Bromwich,SP 007 909,FM,
91.3,2FM,RTE,"Contemporary, Adult",50,East Ireland,Kippure,,FM,E2C0
91.3,2FM,RTE,"Contemporary, Adult",0.08,"Dingle Peninsula, County Kerry",Ballydavid,,FM,E2C0
91.4,Radio 3,BBC,Classical,0.1,"Chalford & Stroud, Gloucs",Chalford,SO 883 017,FM,C203
91.4,Radio 3,BBC,Classical,0.042,"Aberdare area, South Wales",Aberdare,SO 034 013,FM,C203
91.4,Radio 3,BBC,Classical,0.05,Greenock & Firth of Clyde,Rosneath,NS 258 811,FM,C203
91.4,Radio 3,BBC,Classical,0.5,"Pitlochry & Aberfeldy, Perthshire",Pitlochry,NN 923 565,FM,C203
91.4,R Wales,BBC,Mixed Format,0.05,"Pontypool & Cwmbran, S Wales",Pontypool,ST 284 990,FM,C418
91.4,R Wales,BBC,Mixed Format,0.01,"Ogmore Vale, South Wales",Ogmore Vale,SS 929 894,FM,C418
91.4,2FM,RTE,"Contemporary, Adult",4,East Donegal,Holywell Hill,,FM,E2C0
91.4,2FM,RTE,"Contemporary, Adult",4,Cork City and East County Cork,Spur Hill,,FM,E2C0
91.4,2FM,RTE,"Contemporary, Adult",0.04,North Kerry,Knockanore,,FM,E2C0
91.5,Radio 3,BBC,Classical 250.000,,North West and Yorkshire,Holme Moss,SE 095 041,FM,C203
91.5,Radio 3,BBC,Classical,41,Orkney Islands,Keelylang Hill,HY 378 102,FM,C203
91.5,Radio 3,BBC,Classical,20,Pembrokeshire,Haverfordwest,SN 028 261,FM,C203
91.5,Radio 3,BBC,Classical,1,South Uist,Daliburgh,NF 736 216,FM,C203
91.5,Radio 3,BBC,Classical,1.3,Bristol,Ilchester Crescent,ST 577 700,FM,C203
91.5,Radio 3,BBC,Classical,0.125,"Crieff area, Perthshire",Crieff,NN 814 200,FM,C203
91.5,Radio 3,BBC,Classical,4,"Fort William area, Highland",Fort William,NN 117 772,FM,C203
91.5,Radio 3,BBC,Classical,2.2,"S Kapdale, E Islay, Jura",South Knapdale,NR 837 748,FM,C203
91.5,R Wales,BBC,Mixed Format,0.02,"Rhymney area, South Wales",Rhymney,SO 127 042,FM,C418
91.5,Angel Radio (Isle of Wight),Community,Nostalgia,0.025,Isle of Wight,Newport,SZ 513 873,FM,
91.5,2FM,RTE,"Contemporary, Adult",4,Central Mayo,Castlebar,,FM,E2C0
91.5,2FM,RTE,"Contemporary, Adult",0.04,Athlone,Athlone,,FM,E2C0
91.5,France Culture,Radio France,French Talk,50,"Basse Normandie, France (2)","Caen, France",,FM,F204
91.5,Europe 2,France,French Contemporary,1,"Boulogne, France (5)","Boulogne, France",,FM,F221
91.6,Radio 3,BBC,Classical,9.8,Fermanagh and South Tyrone,Brougher Mountain,IH 350 527,FM,C203
91.6,Radio 3,BBC,Classical,2.1,South East Aberdeenshire,Durris,NO 763 897,FM,C203
91.6,Radio 3,BBC,Classical,0.1,"Hexham & Tyne Valley, Nthmb",Newton,NZ 036 653,FM,C203
91.6,Radio 3,BBC,Classical,0.1,"Teignmouth area, Devon",Holcombe Down,SX 934 752,FM,C203
91.6,Radio 3,BBC,Classical,0.04,"Weston-super-mare, Somerset",Hutton,ST 361 588,FM,C203
91.6,Radio 3,BBC,Classical,0.2,"Kilkeel, Northern Ireland",Kilkeel,IJ 281 180,FM,C203
91.6,R Wales,BBC,Mixed Format,0.2,"Porthmadog area, Gwynedd",Llandecwyn,SH 644 371,FM,C418
91.6,R Wales,BBC,Mixed Format,0.12,"Machynlleth, Ceredigion",Machynlleth,SH 723 003,FM,C418
91.6,2FM,RTE,"Contemporary, Adult",2.3,Limerick city,"Woodcock H, Limerick",,FM,E2C0
91.6,2FM,RTE,"Contemporary, Adult",0.1,"Fermoy & Mitchelstown, Cork",Fermoy,,FM,E2C0
91.6,Europe 1,France,French Talk,1,"Dunkerque, France (6)","Dunkerque, France",,FM,F206
91.7,Radio 3,BBC,Classical,46,"Oxon, Bucks, Berks, S Midlands",Oxford,SP 567 105,FM,C203
91.7,Radio 3,BBC,Classical,10,Ayrshire,Darvel,NS 557 341,FM,C203
91.7,Radio 3,BBC,Classical,5,"Tobermory area, Highland",Glengorm,NM 465 565,FM,C203
91.7,Radio 3,BBC,Classical,0.926,Swansea area,Kilvey Hill,SS 672 940,FM,C203
91.7,Radio 3,BBC,Classical,0.2,South Devon,Salcombe,SX 753 398,FM,C203
91.7,Radio 3,BBC,Classical,0.08,"Axminster & Seaton, Devon",Axe Valley,SY 283 945,FM,C203
91.7,Radio 3,BBC,Classical,0.02,"Innerleithen, Border",Innerleithen,NT 325 368,FM,C203
91.7,Radio 3,BBC,Classical,0.01,"Darwen, Lancashire",Darwen,SD 708 223,FM,C203
91.7,Radio 3,BBC,Classical,0.05,"Ventnor, Isle of Wight",Ventnor,SZ 567 783,FM,C203
91.7,R Wales,BBC,Mixed Format,0.005,"Newbridge area, South Wales",Pennar,ST 209 958,FM,C418
91.7,2FM,RTE,"Contemporary, Adult",1.2,West County Galway,Clifden,,FM,E2C0
91.7,2FM,RTE,"Contemporary, Adult",3,West Kerry,Kilkeaveragh,,FM,E2C0
91.7,2FM,RTE,"Contemporary, Adult",0.6,North East Wicklow,Greystones,,FM,E2C0
91.7,Spirit Radio,Irish Ind,Christian,0.4,Galway City,Tonabrocky,,FM,E7C2
91.8,Radio 3,BBC,Classical,20,Inverness & Moray Firth area,Rosemarkie,NH 762 263,FM,C203
91.8,Radio 3,BBC,Classical,3.4,North Northern Ireland,Limavady,IC 711 296,FM,C203
91.8,Radio 3,BBC,Classical,0.3,"Tiverton, Devon",Gogwell,SS 967 111,FM,C203
91.8,Radio 3,BBC,Classical,0.5,Hastings,Hastings,TQ 807 100,FM,C203
91.8,Radio 3,BBC,Classical,0.1,"Whitby, North Yorkshire",Whitby,NZ 904 113,FM,C203
91.8,Radio 3,BBC,Classical,0.032,"Blairgowrie & Rattray, Perthshire",Rosemount,NO 203 435,FM,C203
91.8,Radio 3,BBC,Classical,0.01,"Whalley, Lancashire",Whalley,SD 729 352,FM,C203
91.8,Radio 3,BBC,Classical,0.01,"Ludlow, Shropshire",Ludlow,SO 498 741,FM,C203
91.8,Radio 3,BBC,Classical,0.06,"Keswick, Cumbria",Keswick Forest,NY 223 244,FM,C203
91.8,R Wales,BBC,Mixed Format,0.048,"Welshpool, Powys",Long Mountain,SJ 265 057,FM,C418
91.8,R Wales,BBC,Mixed Format,0.01,"Ferndale, South Wales",Ferndale,ST 006 970,FM,C418
91.8,R Wales,BBC,Mixed Format,0.01,"Llyswen area, Powys",Llyswen,SO 137 361,FM,C418
91.8,Hayes FM,Community,Mixed Format,0.02,"Hayes area, W London",St Anselms Church,TQ 098 796,FM,
91.8,2FM,RTE,"Contemporary, Adult 160.000",,South East Ireland,Mount Leinster,,FM,E2C0
91.8,2FM,RTE,"Contemporary, Adult",3,West Donegal,Aranmore,,FM,E2C0
91.9,Radio 3,BBC,Classical 250.000,,Norfolk and Suffolk,Tacolneston,TM 131 958,FM,C203
91.9,Radio 3,BBC,Classical,17.6,West Cornwall,Redruth,SW 690 394,FM,C203
91.9,Radio 3,BBC,Classical,0.1,Eyemouth and Border coast,Eyemouth,NT 947 599,FM,C203
91.9,Radio 3,BBC,Classical,0.1,"Whitehaven area, Cumbria",Whitehaven,NX 992 123,FM,C203
91.9,Radio 3,BBC,Classical,0.095,"Upper Tame Valley, Gt Mancs",Saddleworth,SD 987 050,FM,C203
91.9,Radio 3,BBC,Classical,0.18,"Weardale, County Durham",Weardale,NZ 025 384,FM,C203
91.9,Radio 3,BBC,Classical,0.1,"Newhaven & Seaford, Sussex",Newhaven,TQ 435 006,FM,C203
91.9,Radio 3,BBC,Classical,0.05,"Lyme Regis, Dorset",Lyme Regis,SY 345 935,FM,C203
91.9,Radio 3,BBC,Classical,0.031,"Stranraer, D & G",Stranraer,NX 111 632,FM,C203
91.9,Radio 3,BBC,Classical,0.025,"Leatherhead area, Surrey",Mickleham,TQ 163 538,FM,C203
91.9,Radio 3,BBC,Classical,0.02,"Barnoldswick area, Lancs",Barnoldswick,SD 897 490,FM,C203
91.9,Radio 3,BBC,Classical,0.02,"Cornholme, West Yorkshire",Cornholme,SD 918 264,FM,C203
91.9,Radio 3,BBC,Classical,0.015,"Caterham, Surrey",Caterham,TQ 343 557,FM,C203
91.9,Radio 3,BBC,Classical,0.01,"Kinlochleven, Highland",Kinlochleven,NN 178 630,FM,C203
91.9,R Wales,BBC,Mixed Format,0.4,"Lampeter & Teifi Valley, Ceredigion",Mynydd Pencarreg,SN 577 430,FM,C418
91.9,2FM,RTE,"Contemporary, Adult",2.6,"Ballybofey, Donegal",Ballybofey,,FM,E2C0
91.9,2FM,RTE,"Contemporary, Adult",0.04,"Lahinch, Clare",Lehinch,,FM,E2C0
92.0,Radio 3,BBC,Classical,21,Anglesey & North Wales Coast,Llanddona,SH 582 810,FM,C203
92.0,Radio 3,BBC,Classical,2,Isle of Lewis,Eitshal,NB 305 302,FM,C203
92.0,Radio 3,BBC,Classical,1,Reading,Hemdean,SU 710 762,FM,C203
92.0,Radio 3,BBC,Classical,1.2,"Matlock & Bakewell, Derbys",Stanton Moor,SK 246 637,FM,C203
92.0,Radio 3,BBC,Classical,0.2,Leeds,Beecroft Hill,SE 237 350,FM,C203
92.0,Radio 3,BBC,Classical,0.042,"West Tyneside, Tyne & Wear",Fenham,NZ 216 648,FM,C203
92.0,Radio 3,BBC,Classical,0.013,"Salisbury, Wiltshire",Salisbury,SU 136 285,FM,C203
92.0,Radio 3,BBC,Classical,0.005,"Dartmouth area, Devon",Kingswear,SX 887 511,FM,C203
92.0,Radio 3,BBC,Classical,0.72,"Speyside, Highland",Grantown,NJ 003 267,FM,C203
92.0,R Wales,BBC,Mixed Format,0.05,"Llanrhaeadr ym Mochnant, Powys",Llanrhaeadr ym Moch.,SJ 174 260,FM,C418
92.0,Cross Counties Radio,Community,Mixed Format,0.099,Lutterworth and Magna Park,Lutterworth Magna Park,SP 515 856,FM,C9B5
92.0,Nagrecha Radio,Community,Asian,0.025,"Newham, E London",Stratford New Town,TQ 384 854,FM,
92.0,2FM,RTE,"Contemporary, Adult",10,,Cairn Hill,,FM,E2C0
92.0,2FM,RTE,"Contemporary, Adult",5,North Donegal,Fanad,,FM,E2C0
92.0,2FM,RTE,"Contemporary, Adult",0.05,Cork City,Collins Barracks,,FM,E2C0
92.0,France Musique,Radio France,French Classical 100.000,,"Haute Normandie, France (2)","Rouen, France",,FM,F203
92.0,Radio 6,France,French,,"Boulogne, France (5)","Boulogne, France",,FM,C8B5
92.1,Radio 3,BBC,Classical 250.000,,Central Scotland,Black Hill,NS 828 647,FM,C203
92.1,Radio 3,BBC,Classical 250.000,,South Wales & West England,Wenvoe,ST 110 742,FM,C203
92.1,Radio 3,BBC,Classical,0.32,Sheffield,"Tapton Hill, Sheffield",SK 324 870,FM,C203
92.1,Radio 3,BBC,Classical,0.25,"Scarborough area, N Yorks",Oliver's Mount,TA 040 869,FM,C203
92.1,Radio 3,BBC,Classical,0.083,"Haslingden area, Lancs",Haslingden,SD 795 236,FM,C203
92.1,Radio 3,BBC,Classical,0.05,"Ivybridge, Devon",Ivybridge,SX 631 538,FM,C203
92.1,Three Counties Radio,BBC,Mixed Format,0.05,West Hertfordshire,Hemel Hempstead,TL 088 045,FM,C511
92.1,2FM,RTE,"Contemporary, Adult",4.3,North West Mayo,Achill,,FM,E2C0
92.1,Spirit Radio,Irish Ind,Christian,,Drogheda,,,FM,E7C2
92.2,Radio 3,BBC,Classical,10,South Cumbria & NW Lancs,Morecambe Bay,SD 239 791,FM,C203
92.2,Radio 3,BBC,Classical,5,Thirsk & Northallerton area,Woolmoor,SE 457 881,FM,C203
92.2,Radio 3,BBC,Classical,0.13,"Weymouth, Dorset",Weymouth,SY 663 779,FM,C203
92.2,Radio 3,BBC,Classical,0.012,"Bexhill, East Sussex",Bexhill,TQ 744 080,FM,C203
92.2,Radio 3,BBC,Classical,0.1,"Buxton, Derbyshire",Buxton,SK 060 753,FM,C203
92.2,Radio 3,BBC,Classical,0.05,High Wycombe,High Wycombe,SU 856 942,FM,C203
92.2,2FM,RTE,"Contemporary, Adult 150.000",,South West Ireland,Mullaghanish,,FM,E2C0
92.2,Nomad Radio,Community,Somali Community,0.2,"Hammersmith & Fulham, London",Hammersmith Kings St,TQ 229 785,FM,
92.2,Black Country Radio,Community,Mixed Format,0.06,Dudley,Dudley King Street,SO 942 900,FM,CEA5
92.2,Sheppey FM,Community,Mixed Format,0.1,Isle of Sheppey,Sheerness,TQ 921 750,FM,
92.2,Spirit Radio,Irish Ind,Christian,0.5,"Naas and Newbridge, Kiildare",Saggart,,FM,E7C2
92.2,Fun Radio,France,French Pop,1,"Dunkerque, France (6)","Dunkerque, France",,FM,F209
92.3,Radio 3,BBC,Classical 123.600,,East & Central Northern Ireland,Divis,IJ 286 750,FM,C203
92.3,Radio 3,BBC,Classical,40,"Cambs, Beds, S Lincs, E Nthnts",Peterborough,TL 127 913,FM,C203
92.3,Radio 3,BBC,Classical,10,"Thurso & Wick area, Highland",Rumster Forest,ND 197 385,FM,C203
92.3,Radio 3,BBC,Classical,5.6,North Northumberland,Chatton,NU 105 264,FM,C203
92.3,Radio 3,BBC,Classical,0.6,Brighton and Worthing area,Whitehawk Hill,TQ 330 045,FM,C203
92.3,Radio 3,BBC,Classical,0.02,Basingstoke,Basingstoke,SU 643 479,FM,C203
92.3,Radio 3,BBC,Classical,0.1,"Marlborough area, Wilts",Marlborough,SU 209 688,FM,C203
92.3,Radio 3,BBC,Classical,0.042,"Dee Valley, Aberdeenshire",Tullich,NO 379 984,FM,C203
92.3,R Wales,BBC,Mixed Format,0.088,"Newcastle Emlyn area, Ceredigion",Llandyfriog,SN 348 412,FM,C418
92.3,R Wales,BBC,Mixed Format,0.036,"Newtown, Powys",Llandinam,SO 050 877,FM,C418
92.3,R Wales,BBC,Mixed Format,0.016,"Dolgellau, Gwynedd",Dolgellau,SH 727 185,FM,C418
92.3,Forest FM,Community,Mixed Format,0.025,"Verwood area, Dorset",Crane Valley Golf Club,SU 067 090,FM,CFA5
92.3,Halton FM,Community,Mixed Format,0.025,"Runcorn & Widnes, Cheshire",Halton,SJ 537 818,FM,
92.4,Radio 3,BBC,Classical,11,East Kent,Swingate,TR 334 429,FM,C203
92.4,Radio Leeds,BBC,Mixed Format,4.6,West Yorkshire,Holme Moss,SE 095 041,FM,CE14
92.4,Radio Cymru,BBC,Welsh,0.01,Hay on Wye area,Clyro,SO 204 432,FM,C327
92.4,Rainbow Radio,Community,African,0.06,South London,Crystal Palace,TQ 339 712,FM,
92.4,Spirit Radio,Irish Ind,Christian,0.5,"Navan, County Meath",,,FM,E7C2
92.5,Radio 4 FM,BBC,"Talk, News, Entertainment 250.000",,N Cumbria & S W Scotland,Sandale,NY 266 398,FM,C204
92.5,Radio 4 FM,BBC,"Talk, News, Entertainment 160.000",,Devon and East Cornwall,North Hessary Tor,SX 578 742,FM,C204
92.5,Radio 4 FM,BBC,"Talk, News, Entertainment",5,North East Essex & South Suffolk,Manningtree,TM 123 295,FM,C204
92.5,Radio 4 FM,BBC,"Talk, News, Entertainment",4,West Surrey and NE Hampshire,Guildford,SU 975 486,FM,C204
92.5,Radio 4 FM,BBC,"Talk, News, Entertainment",0.05,"Grantham, Lincolnshire",Grantham,SK 905 337,FM,C204
92.5,Radio 4 FM,BBC,"Talk, News, Entertainment",0.01,Cirencester,Cirencester Town,SP 023 021,FM,C204
92.5,Radio Scotland (Highland),BBC,Mixed Format,2,North Uist,Clettraval,NF 751 716,FM,C915
92.5,Radio Scotland (Central),BBC,Mixed Format,0.08,North Islay (mono),Bowmore,NR 318 590,FM,C415
92.5,Radio Scotland (Highland),BBC,Mixed Format,0.025,"Ballachulish, Highland",Ballachulish,NN 059 593,FM,C915
92.5,Radio Scotland (Highland),BBC,Mixed Format,0.01,"Portree, Skye",Penifiler,NG 489 417,FM,C915
92.5,Radio Scotland (Highland),BBC,Mixed Format,0.014,"Mallaig, Highland",Mallaig,NM 676 965,FM,C915
92.5,Radio Cymru,BBC,Welsh,0.05,"Deiniolen & Llanberis, Gwynedd",Deiniolen,SH 576 621,FM,C327
92.5,Radio Cymru,BBC,Welsh,0.182,"Ffestiniog area, Gwynedd",Ffestiniog,SH 709 392,FM,C327
92.5,Radio Cymru,BBC,Welsh,0.005,"Llanidloes, Powys",Llanidloes,SN 948 844,FM,C327
92.5,Radio Corca Baiscinn,Irish Community,Mixed Format,0.05,"Kilkee, Clare",Kilkee,,FM,EEC2
92.5,Phoenix FM,Irish Community,Mixed Format,0.025,North West Dublin,Falcon Apartments,,FM,EBC2
92.6,Radio 3,BBC,Classical,1,"Burnley & Colne Valley, Lancs",Pendle Forest,SD 825 384,FM,C203
92.6,Radio 4 FM,BBC,"Talk, News, Entertainment",0.1,"Nailsworth & Stroud, Gloucs",Nailsworth,ST 849 990,FM,C204
92.6,Radio 4 FM,BBC,"Talk, News, Entertainment",0.1,Newbury & West Berkshire,Newbury,SU 494 687,FM,C204
92.6,Radio 4 FM,BBC,"Talk, News, Entertainment",0.032,"Calne, Wiltshire",Calne,ST 997 699,FM,C204
92.6,Radio Scotland (Highland),BBC,Mixed Format,0.5,Moray,Knock More,NJ 321 497,FM,C915
92.6,Radio Cymru,BBC,Welsh,0.01,"Vale of Neath, South Wales",Rheola,SN 841 061,FM,C327
92.6,Radio Cymru,BBC,Welsh,0.01,"Betws-y-Coed, Llanrwst, N Wales",Betws-y-Coed,SH 825 582,FM,C327
92.6,Mix 92.6,Community,Mixed Format,0.15,St Albans,St Albans,TL 150 076,FM,
92.6,Raidio na Gaeltachta,RTE,Irish 125.000,,North West Ireland,Truskmore,,FM,E4C0
92.6,Raidio na Gaeltachta,RTE,Irish,2.4,South East County Cork,Crosshaven,,FM,E4C0
92.6,NOS Radio 2,NOS,"Dutch Adult, Oldies, Easy 100.000",,West Netherlands (4),"Lopik, Netherlands",,FM,2202
92.6,France Bleu Nord,Radio France,French Oldies,,"Dunkerque, France (6)","Dunkerque, France",,FM,F241
92.7,Radio 4 FM,BBC,"Talk, News, Entertainment 109.900",,Midlands,Sutton Coldfield,SK 113 003,FM,C204
92.7,Radio 4 FM,BBC,"Talk, News, Entertainment",0.05,"Trowbridge area, Wiltshire",Westwood,ST 817 598,FM,C204
92.7,Radio 4 FM,BBC,"Talk, News, Entertainment",0.064,"Windermere & Ambleside, Cmb",Windermere,SD 383 980,FM,C204
92.7,Radio 4 FM,BBC,"Talk, News, Entertainment",0.1,"Wensleydale, North Yorks",Wensleydale,SD 992 907,FM,C204
92.7,Radio Scotland (Shetland),BBC,Mixed Format,43,Shetland Islands,Bressay,HU 503 387,FM,C815
92.7,Radio Scotland (Central),BBC,Mixed Format,17,"Dundee, Angus and North Fife",Forfar,NO 482 409,FM,C415
92.7,Radio Scotland (Highland),BBC,Mixed Format,0.2,Ness of Lewis,Ness of Lewis,NB 533 603,FM,C915
92.7,Radio Scotland (Central),BBC,Mixed Format,0.2,"Patna & Dalmellington, Ayrshire",Lethanhill,NS 438 105,FM,C415
92.7,Radio Scotland (Central),BBC,Mixed Format,0.05,"Ullapool, Highland",Ullapool,NH 142 935,FM,C415
92.7,Radio Scotland (Central),BBC,Mixed Format,0.05,Dumbarton & Alexandria,Millburn Muir,NS 378 796,FM,C415
92.7,Radio Ulster,BBC,Mixed Format,0.032,"Warrenpoint, Northern Ireland",Rostrevor Forest,IJ 189 176,FM,C319
92.7,Radio Cymru (West),BBC,Welsh,0.25,"Barmouth area, Gwynedd",Llwyn Onn,SH 625 175,FM,
92.7,Raidio na Gaeltachta,RTE,Irish,3,South West County Cork,Castletownbere,,FM,E4C0
92.7,Raidio na Gaeltachta,RTE,Irish,2.5,NE Donegal & North N Ireland,Moville,,FM,E4C0
92.7,Raidio na Gaeltachta,RTE,Irish,1,SE Tipperary & N Waterford,Clonmel,,FM,E4C0
92.7,Raidio na Gaeltachta,RTE,Irish,0.05,Waterford City,Gallows Hill,,FM,E4C0
92.7,Skyrock,France,French Rap,1,"Boulogne, France (5)","Boulogne, France",,FM,F208
92.8,Radio 4 FM,BBC,"Talk, News, Entertainment",11,Isle of Man,Douglas,SC 373 746,FM,C204
92.8,Radio 4 FM,BBC,"Talk, News, Entertainment",3,Carmarthenshire,Carmel,SN 576 153,FM,C204
92.8,Radio 4 FM,BBC,"Talk, News, Entertainment",0.064,"Otley & Ilkley area, W Yorks",Wharfedale,SE 198 485,FM,C204
92.8,Radio 4 FM,BBC,"Talk, News, Entertainment",0.025,"Hebden Bridge, West Yorks",Hebden Bridge,SD 988 267,FM,C204
92.8,Radio 4 FM,BBC,"Talk, News, Entertainment",0.025,"Purley & Coulsdon, London",Kenley,TQ 329 592,FM,C204
92.8,Radio 4 FM,BBC,"Talk, News, Entertainment",0.03,"Ebbw Vale & Tredegar, S Wales",Ebbw Vale,SO 159 088,FM,C204
92.8,Radio 4 FM,BBC,"Talk, News, Entertainment",0.01,"Porth area, South Wales",Porth,ST 029 919,FM,C204
92.8,Radio 4 FM,BBC,"Talk, News, Entertainment",0.01,"Walsden, West Yorkshire",Walsden South,SD 937 215,FM,C204
92.8,Unity Radio,Community,Dance and Rhythm,0.037,Manchester,Portland Tower,SJ 842 979,FM,
92.8,Radio Scotland (Central),BBC,Mixed Format,0.4,"Campbeltown, Argyll",Campbeltown,NR 707 172,FM,C415
92.8,Radio Scotland (Borders),BBC,Mixed Format,0.02,"Peebles, Border Region",Peebles,NT 228 416,FM,CB15
92.8,Radio Cymru,BBC,Welsh,0.1,"Colwyn Bay area, North Wales",Penmaen Rhos,SH 877 779,FM,C327
92.8,Raidio na Gaeltachta,RTE,Irish,1,Mid Kerry,Knockmoyle,,FM,E4C0
92.8,Raidio na Gaeltachta,RTE,Irish,3,"Casla, Galway",Casla,,FM,E4C0
92.9,Radio 4 FM,BBC,"Talk, News, Entertainment 250.000",,Central Southern England,Rowridge,SZ 447 865,FM,C204
92.9,Radio 4 FM,BBC,"Talk, News, Entertainment 134.000",,North East England,Pontop Pike,NZ 147 527,FM,C204
92.9,Radio 4 FM,BBC,"Talk, News, Entertainment",1,North Devon,Barnstaple,SS 502 289,FM,C204
92.9,Radio 4 FM,BBC,"Talk, News, Entertainment",0.04,Plymouth,Plympton,SX 531 555,FM,C204
92.9,Radio 4 FM,BBC,"Talk, News, Entertainment",0.01,Bradford,Idle,SE 163 374,FM,C204
92.9,Radio 4 FM,BBC,"Talk, News, Entertainment",0.01,Blaenavon & Abersychan,Blaenavon,SO 277 063,FM,C204
92.9,Radio 4 FM,BBC,"Talk, News, Entertainment",0.01,"Cwmafan, South Wales",Cwmafan,SS 798 936,FM,C204
92.9,Radio Scotland (Highland),BBC,Mixed Format,30,"Skye, Harris, East N & S Uist",Skriaig,NG 451 408,FM,C915
92.9,Radio Scotland (Central),BBC,Mixed Format,0.57,"Largs, Rothesay, Clyde Mouth",Rothesay,NS 125 691,FM,C415
92.9,Raidio na Gaeltachta,RTE,Irish,10,County Dublin,Three Rock,,FM,E4C0
92.9,Raidio na Gaeltachta,RTE,Irish,3,West County Waterford,Dungarvan,,FM,E4C0
93.0,Radio 4 FM,BBC,"Talk, News, Entertainment",10,Milton Keynes and West Beds,Bow Brickhill,SP 914 342,FM,C204
93.0,Radio 4 FM,BBC,"Talk, News, Entertainment",10,Herefordshire & NE Gloucs,Ridge Hill,SO 630 333,FM,C204
93.0,Radio 4 FM,BBC,"Talk, News, Entertainment",4,"West, South & Central Lancs",Winter Hill,SD 660 144,FM,C204
93.0,Radio 4 FM,BBC,"Talk, News, Entertainment",0.05,Berwick- upon- Tweed,Berwick- upon- Tweed,NT 980 547,FM,C204
93.0,Radio 4 FM,BBC,"Talk, News, Entertainment",0.01,"Llangeinor, Pontycymer, M Gm",Llangeinor,SS 905 886,FM,C204
93.0,Radio Scotland (Highland),BBC,Mixed Format,1,"Fort Augustus area, Highland",Fort Augustus,NH 361 049,FM,C915
93.0,Radio Scotland (Highland),BBC,Mixed Format,0.2,"Crubenmore & Dalwhinnie, Highland",Crubenmore,NN 666 904,FM,C915
93.0,Radio Scotland (Central),BBC,Mixed Format,0.2,"Penicuik, Lothian",Penicuik,NT 229 597,FM,C415
93.0,Revival FM,Community,Christian,0.1,Glasgow,Glasgow Dundavale Court,NS 588 661,FM,
93.0,Raidio na Gaeltachta,RTE,Irish,0.15,"Mitchelstown, County Cork",Mitchelstown,,FM,E4C0
93.0,France Bleu Breiz Izel,Radio France,French Oldies 170.000,,"West Bretagne, France (3)","Brest, France",,FM,
93.1,Radio 4 FM,BBC,"Talk, News, Entertainment",16,Lincolnshire & E Yorkshire,Belmont,TF 217 837,FM,C204
93.1,Radio 4 FM,BBC,"Talk, News, Entertainment",0.79,Torbay,Beacon Hill,SX 857 620,FM,C204
93.1,Radio 4 FM,BBC,"Talk, News, Entertainment",0.1,Folkestone area,Folkestone,TR 229 382,FM,C204
93.1,Radio 4 FM,BBC,"Talk, News, Entertainment",0.084,West Halifax,Luddenden,SE 048 248,FM,C204
93.1,Radio 4 FM,BBC,"Talk, News, Entertainment",0.07,"Okehampton, Devon",Okehampton,SX 586 967,FM,C204
93.1,Radio 4 FM,BBC,"Talk, News, Entertainment",0.04,Abergavenny & Usk Valley,Abergavenny,SO 244 126,FM,C204
93.1,Radio Scotland (Aberdeen),BBC,Mixed Format 150.000,,Aberdeenshire,Meldrum,NJ 760 329,FM,C615
93.1,Radio Scotland (Central),BBC,Mixed Format,1,South West Stirlingshire,Ben Gullipen,NN 598 045,FM,C415
93.1,Radio Scotland (Central),BBC,Mixed Format,0.1,"Blair Atholl, Perthshire",Blair Atholl,NN 894 698,FM,C415
93.1,Radio Scotland (Central),BBC,Mixed Format,0.04,"Kirkconnel & Sanquhar, D & G",Kirkconnel,NS 746 150,FM,C415
93.1,Radio Scotland (Dumfries),BBC,Mixed Format,0.064,"Wigtown Bay area, D & G",Cambret Hill,NX 524 578,FM,C515
93.1,Radio Scotland (Highland),BBC,Mixed Format,0.05,"Corran and Onich, Highland",Ardgour,NM 989 626,FM,C915
93.1,Radio Ulster/ Radio Foyle,BBC,Mixed Format,31,Derry area,Londonderry,IC 404 176,FM,
93.1,Radio Ulster,BBC,Mixed Format,4,South East Northern Ireland,Camlough,IJ 055 246,FM,C319
93.1,Radio Cymru,BBC,Welsh 250.000,,Ceredigion & SW Gwynedd,Blaenplwyf,SN 569 756,FM,C327
93.1,Raidio na Gaeltachta,RTE,Irish,2.5,"Bantry, SW County Cork",Bantry,,FM,E4C0
93.1,Raidio na Gaeltachta,RTE,Irish,0.1,"Dunquin, Kerry",Maamclassach,,FM,E4C0
93.1,Spirit Radio,Irish Ind,Christian,0.2,Kilkenny,Johnswell,,FM,E7C2
93.1,Life FM,Irish Community,Christian,0.25,Cork City,Cork City,,FM,
93.2,Radio 4 FM,BBC,"Talk, News, Entertainment",4,London area,Crystal Palace,TQ 339 712,FM,C204
93.2,Radio 4 FM,BBC,"Talk, News, Entertainment",0.2,"Bodmin area, Cornwall",Penaligon Downs,SX 026 683,FM,C204
93.2,Radio 4 FM,BBC,"Talk, News, Entertainment",0.1,"Ballycastle, Northern Ireland",Ballycastle,ID 077 423,FM,C204
93.2,Radio 4 FM,BBC,"Talk, News, Entertainment",0.06,Isles of Scilly,Isles of Scilly,SV 911 124,FM,C204
93.2,Radio 4 FM,BBC,"Talk, News, Entertainment",0.02,"Newtownabbey, N Ireland",Carnmoney Hill,IJ 336 829,FM,C204
93.2,Radio 4 FM,BBC,"Talk, News, Entertainment",0.01,"Chippenham, Wiltshire",Chippenham,ST 914 751,FM,C204
93.2,Radio Guernsey,BBC,Mixed Format,1,Guernsey and Sark,Les Touillets,CI 582 511,FM,C517
93.2,Radio Scotland (Central),BBC,Mixed Format,0.018,"Strachur & Inveraray, Strathcl",Strachur,NN 094 027,FM,C415
93.2,Radio Cymru,BBC,Welsh,0.006,"Rhondda Valley, South Wales",Ton Pentre,SS 960 955,FM,C327
93.2,Bristol Community FM,Community,Mixed Format,0.02,Bristol,Barton Hill,ST 610 731,FM,
93.2,Sheffield Live,Community,Mixed Format,0.031,Central Sheffield,"Tapton Hill, Sheffield",SK 324 870,FM,
93.2,Raidio na Gaeltachta,RTE,Irish 120.000,,West Ireland,Maghera,,FM,E4C0
93.2,Raidio na Gaeltachta,RTE,Irish,0.1,"Falcarragh, Donegal",Magheroarty,,FM,E4C0
93.3,Radio 4 FM,BBC,"Talk, News, Entertainment",16,"NE Wales, Merseyside, Cheshire",Llangollen,SJ 209 488,FM,C204
93.3,Radio 4 FM,BBC,"Talk, News, Entertainment",1,"Keighley area, West Yorks",Keighley,SE 069 444,FM,C204
93.3,Radio 4 FM,BBC,"Talk, News, Entertainment",0.26,Cambridge area,"Madingley, Cambridge",TL 392 594,FM,C204
93.3,Radio 4 FM,BBC,"Talk, News, Entertainment",0.125,West Berkshire & East Wilts,Membury,SU 307 763,FM,C204
93.3,Radio 4 FM,BBC,"Talk, News, Entertainment",0.1,"Todmorden, West Yorks",Todmorden,SD 957 241,FM,C204
93.3,Radio 4 FM,BBC,"Talk, News, Entertainment",0.124,Northampton,Northampton,SP 760 647,FM,C204
93.3,Radio 4 FM,BBC,"Talk, News, Entertainment",0.033,"Chard, Somerset",Chard,ST 358 086,FM,C204
93.3,Radio Scotland (Highland),BBC,Mixed Format,5,"Oban area, Highland",Oban,NM 850 290,FM,C915
93.3,Radio Scotland (Central),BBC,Mixed Format,0.1,"Girvan, Ayrshire",Girvan,NX 211 981,FM,C415
93.3,Radio Cymru,BBC,Welsh,0.048,"Swansea Valley, South Wales",Varteg Hill,SN 776 077,FM,C327
93.3,Radio Cymru,BBC,Welsh,0.007,Carmarthen,Carmarthen,SN 412 213,FM,C327
93.3,Radio Cymru,BBC,Welsh,0.01,"Brecon, Powys",Brecon,SO 030 299,FM,C327
93.3,Raidio na Gaeltachta,RTE,Irish,2,County Monaghan,Monaghan,,FM,E4C0
93.3,Raidio na Gaeltachta,RTE,Irish,2.7,North Innishowen,Malin,,FM,E4C0
93.3,Radio Rencontre,France,French,,"Dunkerque, France (6)","Dunkerque, France",,FM,
93.4,Radio 4 FM,BBC,"Talk, News, Entertainment",5,"Teesside, S Durham, N Yorks",Bilsdale,SE 553 962,FM,C204
93.4,Radio 4 FM,BBC,"Talk, News, Entertainment",0.4,Chesterfield,Chesterfield,SK 383 764,FM,C204
93.4,Radio 4 FM,BBC,"Talk, News, Entertainment",0.2,Swindon area,Blunsdon,SU 143 900,FM,C204
93.4,Radio 4 FM,BBC,"Talk, News, Entertainment",0.1,"Kendal, Cumbria",Kendal,SD 540 912,FM,C204
93.4,Radio 4 FM,BBC,"Talk, News, Entertainment",0.082,Bath,Bath,ST 769 654,FM,C204
93.4,Radio 4 FM,BBC,"Talk, News, Entertainment",0.072,Gloucester & Cheltenham,Churchdown Hill,SO 880 188,FM,C204
93.4,Radio 4 FM,BBC,"Talk, News, Entertainment",0.055,Exeter,St Thomas,SX 898 922,FM,C204
93.4,Radio 4 FM,BBC,"Talk, News, Entertainment",0.01,"Abertillery, South Wales",Abertillery,SO 244 023,FM,C204
93.4,Radio 4 FM,BBC,"Talk, News, Entertainment",0.01,"Minehead, Somerset",Minehead,SS 966 452,FM,C204
93.4,Radio Scotland (Central),BBC,Mixed Format,0.964,Perth area,Kirkton Mailer,NO 102 210,FM,C415
93.4,Radio Scotland (Central),BBC,Mixed Format,0.065,South Islay (mono),Port Ellen,NR 338 452,FM,C415
93.4,Radio Cymru,BBC,Welsh,0.01,"Croeserw, South Wales",Croeserw,SS 858 952,FM,C327
93.4,Energy FM,Independent,Contemporary,0.1,North Isle of Man,Jurby,SC 365 991,FM,C3A0
93.4,Raidio na Gaeltachta,RTE,Irish,2.6,Mid Tipperary,Suir Valley,,FM,E4C0
93.4,Raidio na Gaeltachta,RTE,Irish,0.025,"Kinsale, Cork",Kinsale,,FM,E4C0
93.4,Spirit Radio,Irish Ind,Christian,0.2,Sligo,Slieve Glah,,FM,E7C2
93.5,Radio 4 FM,BBC,"Talk, News, Entertainment 250.000",,London & South East England,Wrotham,TQ 595 604,FM,C204
93.5,Radio 4 FM,BBC,"Talk, News, Entertainment",0.2,West Dorset,Bridport,SY 453 915,FM,C204
93.5,Radio 4 FM,BBC,"Talk, News, Entertainment",0.06,"Frome, Somerset",Egford Hill,ST 764 481,FM,C204
93.5,Radio 4 FM,BBC,"Talk, News, Entertainment",0.008,"Llanfyllin, Powys",Llanfyllin,SJ 151 181,FM,C204
93.5,Radio 4 FM,BBC,"Talk, News, Entertainment",0.004,"Combe Martin, Devon",Combe Martin,SS 582 462,FM,C204
93.5,Radio 4 FM,BBC,"Talk, News, Entertainment",,"Dartford Tunnel, Kent-Essex",Dartford Tunnel,TQ 571 769,FM,C204
93.5,Radio Scotland (Borders),BBC,Mixed Format,50,Border Region,Ashkirk,NT 470 244,FM,CB15
93.5,Radio Scotland (Highland),BBC,Mixed Format,50,"E Lewis, N Skye & W Highland",Melvaig,NG 757 900,FM,C915
93.5,Radio Scotland (Central),BBC,Mixed Format,0.05,"West Kilbride area, Ayrshire",West Kilbride,NS 215 483,FM,C415
93.5,Radio Scotland (Highland),BBC,Mixed Format,0.035,"Kingussie, Highland",Kingussie,NN 769 985,FM,C915
93.5,Radio Ulster,BBC,Mixed Format,0.1,"Larne, Northern Ireland",Larne,ID 395 037,FM,C319
93.5,Radio Cymru,BBC,Welsh,2.8,Central Powys,Llandrindod Wells,SO 018 635,FM,C327
93.5,Radio Cymru,BBC,Welsh,0.05,"Conwy & Llandudno, N Wales",Conwy,SH 781 765,FM,C327
93.5,Unity FM,Community,Muslim Community,0.15,East Birmingham,Birmingham East,SP 089 860,FM,
93.5,Raidio na Gaeltachta,RTE,Irish,50,East Ireland,Kippure,,FM,E4C0
93.5,Raidio na Gaeltachta,RTE,Irish,0.08,"Dingle Peninsula, County Kerry",Ballydavid,,FM,E4C0
93.5,France Inter,Radio France,French Mixed format 100.000,,"East Bretagne, France (3)","Rennes, France",,FM,F201
93.6,Radio 4 FM,BBC,"Talk, News, Entertainment",0.1,"Chalford & Stroud, Gloucs",Chalford,SO 883 017,FM,C204
93.6,Radio 4 FM,BBC,"Talk, News, Entertainment",0.01,"Ogmore Vale, South Wales",Ogmore Vale,SS 929 894,FM,C204
93.6,Radio Scotland (Central),BBC,Mixed Format,0.05,Greenock & Firth of Clyde,Rosneath,NS 258 811,FM,C415
93.6,Radio Scotland (Central),BBC,Mixed Format,0.5,"Pitlochry & Aberfeldy, Perthshire",Pitlochry,NN 923 565,FM,C415
93.6,Radio Cymru,BBC,Welsh,0.05,"Pontypool & Cwmbran, S Wales",Pontypool,ST 284 990,FM,C327
93.6,Radio Cymru,BBC,Welsh,0.042,"Aberdare area, South Wales",Aberdare,SO 034 013,FM,C327
93.6,Radio Tyneside,Community,Mixed Format/ Hospital,0.102,Newcastle and Gateshead,Royal Victoria Infirmary,NZ 243 652,FM,
93.6,Raidio na Gaeltachta,RTE,Irish,4,East Donegal,Holywell Hill,,FM,E4C0
93.6,Raidio na Gaeltachta,RTE,Irish,4,Cork City and East County Cork,Spur Hill,,FM,E4C0
93.6,Raidio na Gaeltachta,RTE,Irish,0.04,North Kerry,Knockanore,,FM,E4C0
93.7,Radio 4 FM,BBC,"Talk, News, Entertainment 250.000",,North West and Yorkshire,Holme Moss,SE 095 041,FM,C204
93.7,Radio 4 FM,BBC,"Talk, News, Entertainment",1.3,Bristol,Ilchester Crescent,ST 577 700,FM,C204
93.7,Radio 4 FM,BBC,"Talk, News, Entertainment",0.02,"Rhymney area, South Wales",Rhymney,SO 127 042,FM,C204
93.7,Radio Scotland (Orkney),BBC,Mixed Format,41,Orkney Islands,Keelylang Hill,HY 378 102,FM,C715
93.7,Radio Scotland (Highland),BBC,Mixed Format,1,South Uist,Daliburgh,NF 736 216,FM,C915
93.7,Radio Scotland (Central),BBC,Mixed Format,0.125,"Crieff area, Perthshire",Crieff,NN 814 200,FM,C415
93.7,Radio Scotland (Highland),BBC,Mixed Format,4,"Fort William area, Highland",Fort William,NN 117 772,FM,C915
93.7,Radio Scotland (Central),BBC,Mixed Format,2.2,"S Kapdale, E Islay, Jura",South Knapdale,NR 837 748,FM,C415
93.7,Radio Cymru,BBC,Welsh,20,Pembrokeshire,Haverfordwest,SN 028 261,FM,C327
93.7,Island FM,Tindle,Adult,0.01,Alderney,Fort Albert,CI 868 805,FM,C2A1
93.7,Express FM,Community,Mixed Format,0.02,Portsmouth,Ladywood House,SZ 645 999,FM,
93.7,Knockhill FM part time,Sports RSL,Motor Racing,0.002,"Knock Hill Circuit, Fife","Knock Hill Circuit, Fife",NT 063 942,FM,
93.7,Radio Thruxton part time,Sports RSL,Motor Racing,,"Thruxton Circuit, Andover","Thruxton Circuit, Andover",,FM,
93.7,Raidio na Gaeltachta,RTE,Irish,4,Central Mayo,Castlebar,,FM,E4C0
93.7,Raidio na Gaeltachta,RTE,Irish,0.04,Athlone,Athlone,,FM,E4C0
93.7,South Tipperary General Hospital R,Irish Hospital,Mixed Format,0.001,"St Joseph's Hospital, Clonmel",Clonmel,,FM,
93.8,Radio 4 FM,BBC,"Talk, News, Entertainment",0.1,"Hexham & Tyne Valley, Nthmb",Newton,NZ 036 653,FM,C204
93.8,Radio 4 FM,BBC,"Talk, News, Entertainment",0.1,"Teignmouth area, Devon",Holcombe Down,SX 934 752,FM,C204
93.8,Radio 4 FM,BBC,"Talk, News, Entertainment",0.04,"Weston-super-mare, Somerset",Hutton,ST 361 588,FM,C204
93.8,Radio 4 FM,BBC,"Talk, News, Entertainment",0.05,"Ventnor, Isle of Wight",Ventnor,SZ 567 783,FM,C204
93.8,Radio Scotland (Aberdeen),BBC,Mixed Format,2.1,South East Aberdeenshire,Durris,NO 763 897,FM,C615
93.8,Radio Ulster,BBC,Mixed Format,9.8,Fermanagh and South Tyrone,Brougher Mountain,IH 350 527,FM,C319
93.8,Radio Ulster,BBC,Mixed Format,0.2,"Kilkeel, Northern Ireland",Kilkeel,IJ 281 180,FM,C319
93.8,Radio Cymru,BBC,Welsh,0.1,"Porthmadog area, Gwynedd",Llandecwyn,SH 644 371,FM,C327
93.8,Radio Cymru,BBC,Welsh,0.12,"Machynlleth, Powys",Machynlleth,SH 723 003,FM,C327
93.8,Raidio na Gaeltachta,RTE,Irish,2.3,Limerick city,"Woodcock H, Limerick",,FM,E4C0
93.8,Raidio na Gaeltachta,RTE,Irish,0.1,"Fermoy & Mitchelstown, Cork",Fermoy,,FM,E4C0
93.9,Radio 4 FM,BBC,"Talk, News, Entertainment",46,"Oxon, Bucks, Berks, S Midlands",Oxford,SP 567 105,FM,C204
93.9,Radio 4 FM,BBC,"Talk, News, Entertainment",0.2,South Devon,Salcombe,SX 753 398,FM,C204
93.9,Radio 4 FM,BBC,"Talk, News, Entertainment",0.08,"Axminster & Seaton, Devon",Axe Valley,SY 283 945,FM,C204
93.9,Radio 4 FM,BBC,"Talk, News, Entertainment",0.01,"Darwen, Lancashire",Darwen,SD 708 223,FM,C204
93.9,Radio 4 FM,BBC,"Talk, News, Entertainment",0.005,"Newbridge area, South Wales",Pennar,ST 209 958,FM,C204
93.9,Radio Scotland (Central),BBC,Mixed Format,10,Ayrshire,Darvel,NS 557 341,FM,C415
93.9,Radio Scotland (Highland),BBC,Mixed Format,5,"Tobermory area, Highland",Glengorm,NM 465 565,FM,C915
93.9,Radio Scotland (Borders),BBC,Mixed Format,0.02,"Innerleithen, Border",Innerleithen,NT 325 368,FM,CB15
93.9,Radio Wales,BBC,Mixed Format,0.926,Swansea area,Kilvey Hill,SS 672 940,FM,C418
93.9,Raidio na Gaeltachta,RTE,Irish,1.2,West County Galway,Clifden,,FM,E4C0
93.9,Raidio na Gaeltachta,RTE,Irish,3,West Kerry,Kilkeaveragh,,FM,E4C0
93.9,Raidio na Gaeltachta,RTE,Irish,0.6,North East Wicklow,Greystones,,FM,E4C0
93.9,South Dublin Community R,Irish Community,Mixed Format,0.05,South Dublin,Dundrum,,FM,
94.0,Radio 4 FM,BBC,"Talk, News, Entertainment",3.4,North Northern Ireland,Limavady,IC 711 296,FM,C204
94.0,Radio 4 FM,BBC,"Talk, News, Entertainment",0.3,"Tiverton, Devon",Gogwell,SS 967 111,FM,C204
94.0,Radio 4 FM,BBC,"Talk, News, Entertainment",0.1,"Whitby, North Yorkshire",Whitby,NZ 904 113,FM,C204
94.0,Radio 4 FM,BBC,"Talk, News, Entertainment",0.01,"Ferndale, South Wales",Ferndale,ST 006 970,FM,C204
94.0,Radio 4 FM,BBC,"Talk, News, Entertainment",0.01,"Whalley, Lancashire",Whalley,SD 729 352,FM,C204
94.0,Radio 4 FM,BBC,"Talk, News, Entertainment",0.01,"Ludlow, Shropshire",Ludlow,SO 498 741,FM,C204
94.0,Radio 4 FM,BBC,"Talk, News, Entertainment",0.06,"Keswick, Cumbria",Keswick Forest,NY 223 244,FM,C204
94.0,Radio 4 FM,BBC,"Talk, News, Entertainment",0.048,"Welshpool, Powys",Long Mountain,SJ 265 057,FM,C204
94.0,Radio 4 FM,BBC,"Talk, News, Entertainment",0.01,"Llyswen area, Powys",Llyswen,SO 137 361,FM,C204
94.0,Radio Scotland (Highland),BBC,Mixed Format,20,Inverness & Moray Firth area,Rosemarkie,NH 762 623,FM,C915
94.0,Radio Scotland (Central),BBC,Mixed Format,0.032,"Blairgowrie & Rattray, Perthshire",Rosemount,NO 203 435,FM,C415
94.0,BFBS (Edinburgh),Community,Contemp/Adult (for Army),0.005,"Glencorse Barracks, Edinburgh",Glencorse Barracks,NT 246 624,FM,
94.0,Cannock Chase Radio,Community,Mixed Format,0.05,"Cannock Chase, Staffordshire",Cannock,SJ 981 105,FM,CDA5
94.0,Revive FM,Community,Muslim Community,0.1,"Newham, East London",Forest Gate Mosque,TQ 405 850,FM,
94.0,Raidio na Gaeltachta,RTE,Irish 160.000,,South East Ireland,Mount Leinster,,FM,E4C0
94.0,Raidio na Gaeltachta,RTE,Irish,3,West Donegal,Aranmore,,FM,E4C0
94.0,France Culture,Radio France,French Talk 100.000,,"Haute Normandie, France (2)","Rouen, France",,FM,F204
94.1,Radio 4 FM,BBC,"Talk, News, Entertainment 250.000",,Norfolk and Suffolk,Tacolneston,TM 131 958,FM,C204
94.1,Radio 4 FM,BBC,"Talk, News, Entertainment",17.6,West Cornwall,Redruth,SW 690 394,FM,C204
94.1,Radio 4 FM,BBC,"Talk, News, Entertainment",0.1,"Whitehaven area, Cumbria",Whitehaven,NX 992 123,FM,C204
94.1,Radio 4 FM,BBC,"Talk, News, Entertainment",0.095,"Upper Tame Valley, Gt Mancs",Saddleworth,SD 987 050,FM,C204
94.1,Radio 4 FM,BBC,"Talk, News, Entertainment",0.18,"Weardale, County Durham",Weardale,NZ 025 384,FM,C204
94.1,Radio 4 FM,BBC,"Talk, News, Entertainment",0.1,"Newhaven & Seaford, Sussex",Newhaven,TQ 435 006,FM,C204
94.1,Radio 4 FM,BBC,"Talk, News, Entertainment",0.05,"Lyme Regis, Dorset",Lyme Regis,SY 345 935,FM,C204
94.1,Radio 4 FM,BBC,"Talk, News, Entertainment",0.025,"Leatherhead area, Surrey",Mickleham,TQ 163 538,FM,C204
94.1,Radio 4 FM,BBC,"Talk, News, Entertainment",0.02,"Barnoldswick area, Lancs",Barnoldswick,SD 897 490,FM,C204
94.1,Radio 4 FM,BBC,"Talk, News, Entertainment",0.02,"Cornholme, West Yorkshire",Cornholme,SD 918 264,FM,C204
94.1,Radio 4 FM,BBC,"Talk, News, Entertainment",0.015,"Caterham, Surrey",Caterham,TQ 343 557,FM,C204
94.1,Radio Scotland (Borders),BBC,Mixed Format,0.1,Eyemouth and Border coast,Eyemouth,NT 947 599,FM,CB15
94.1,Radio Scotland (Dumfries),BBC,Mixed Format,0.031,"Stranraer, D & G",Stranraer,NX 111 632,FM,C515
94.1,Radio Scotland (Highland),BBC,Mixed Format,0.01,"Kinlochleven, Highland",Kinlochleven,NN 178 630,FM,C915
94.1,Radio Cymru,BBC,Welsh,0.4,"Lampeter & Teifi Valley, Ceredigion",Mynydd Pencarreg,SN 577 430,FM,C327
94.1,Leicester Community Radio,Community,Rhythmic Music,0.025,Central Leicester,St Peter's Highfield ChurchSK,599 039,FM,
94.1,Raidio na Gaeltachta,RTE,Irish,2.6,"Ballybofey, Donegal",Ballybofey,,FM,E4C0
94.1,Raidio na Gaeltachta,RTE,Irish,0.05,Cork City,Collins Barracks,,FM,E4C0
94.1,Raidio na Gaeltachta,RTE,Irish,0.04,"Lahinch, Clare",Lehinch,,FM,E4C0
94.2,Radio 4 FM,BBC,"Talk, News, Entertainment",1,Reading,Hemdean,SU 710 762,FM,C204
94.2,Radio 4 FM,BBC,"Talk, News, Entertainment",1.2,"Matlock & Bakewell, Derbys",Stanton Moor,SK 246 637,FM,C204
94.2,Radio 4 FM,BBC,"Talk, News, Entertainment",0.5,Hastings,Hastings,TQ 807 100,FM,C204
94.2,Radio 4 FM,BBC,"Talk, News, Entertainment",0.2,Leeds,Beecroft Hill,SE 237 350,FM,C204
94.2,Radio 4 FM,BBC,"Talk, News, Entertainment",0.042,"West Tyneside, Tyne & Wear",Fenham,NZ 216 648,FM,C204
94.2,Radio 4 FM,BBC,"Talk, News, Entertainment",0.05,"Llanrhaeadr ym Mochnant, Powys",Llanrhaeadr ym Moch.,SJ 174 260,FM,C204
94.2,Radio 4 FM,BBC,"Talk, News, Entertainment",0.013,"Salisbury, Wiltshire",Salisbury,SU 136 285,FM,C204
94.2,Radio 4 FM,BBC,"Talk, News, Entertainment",0.005,"Dartmouth area, Devon",Kingswear,SX 887 511,FM,C204
94.2,Radio Scotland (Highland),BBC,Mixed Format,2,Isle of Lewis,Eitshal,NB 305 302,FM,C915
94.2,Radio Scotland (Central),BBC,Mixed Format,0.025,"Dalnacardoch, Perthshire",Dalnacardoch Wood,NN 720 714,FM,C415
94.2,Radio Cymru,BBC,Welsh,21,Anglesey & North Wales Coast,Llanddona,SH 582 810,FM,C327
94.2,Raidio na Gaeltachta,RTE,Irish,10,,Cairn Hill,,FM,E4C0
94.2,Raidio na Gaeltachta,RTE,Irish,5,North Donegal,Fanad,,FM,E4C0
94.2,Limerick Regional Hospital Radio,Irish Hospital,Mixed Format,0.001,"Regional Hospital, Dooradoyle","Dooradoyle, Limerick",,FM,
94.3,Radio 4 FM,BBC,"Talk, News, Entertainment 250.000",,South Wales & West England,Wenvoe,ST 110 742,FM,C204
94.3,Radio 4 FM,BBC,"Talk, News, Entertainment",0.32,Sheffield,"Tapton Hill, Sheffield",SK 324 870,FM,C204
94.3,Radio 4 FM,BBC,"Talk, News, Entertainment",0.25,"Scarborough area, N Yorks",Oliver's Mount,TA 040 869,FM,C204
94.3,Radio 4 FM,BBC,"Talk, News, Entertainment",0.083,"Haslingden area, Lancs",Haslingden,SD 795 236,FM,C204
94.3,Radio 4 FM,BBC,"Talk, News, Entertainment",0.05,"Ivybridge, Devon",Ivybridge,SX 631 538,FM,C204
94.3,Radio Scotland (Central),BBC,Mixed Format 250.000,,Central Scotland,Black Hill,NS 828 647,FM,C415
94.3,Donnington FM part time,Sports RSL,Motor Racing,0.002,"Donnington Park Circuit, Leics","Donnington Park, Leics",SK 423 258,FM,
94.3,Raidio na Gaeltachta,RTE,Irish,4.3,North West Mayo,Achill,,FM,E4C0
94.4,Radio 4 FM,BBC,"Talk, News, Entertainment",11,East Kent,Swingate,TR 334 429,FM,C204
94.4,Radio 4 FM,BBC,"Talk, News, Entertainment",10,South Cumbria & NW Lancs,Morecambe Bay,SD 239 791,FM,C204
94.4,Radio 4 FM,BBC,"Talk, News, Entertainment",5,Thirsk & Northallerton area,Woolmoor,SE 457 881,FM,C204
94.4,Radio 4 FM,BBC,"Talk, News, Entertainment",0.13,"Weymouth, Dorset",Weymouth,SY 663 779,FM,C204
94.4,Radio 4 FM,BBC,"Talk, News, Entertainment",0.1,"Buxton, Derbyshire",Buxton,SK 060 753,FM,C204
94.4,Radio 4 FM,BBC,"Talk, News, Entertainment",0.05,High Wycombe,High Wycombe,SU 856 942,FM,C204
94.4,Salford City Radio,Community,Mixed Format,0.025,"Salford and Swinton, Manchester",Swinton Civic Centre,SD 775 016,FM,
94.4,Select Radio,Community,Dance Music,0.062,South London,Dulwich Countisbury H,TQ 343 723,FM,
94.4,Raidio na Gaeltachta,RTE,Irish 150.000,,South West Ireland,Mullaghanish,,FM,E4C0
94.5,Radio 4 FM,BBC,"Talk, News, Entertainment",40,"Cambs, Beds, S Lincs, E Nthnts",Peterborough,TL 127 913,FM,C204
94.5,Radio 4 FM,BBC,"Talk, News, Entertainment",5.6,North Northumberland,Chatton,NU 105 264,FM,C204
94.5,Radio 4 FM,BBC,"Talk, News, Entertainment",0.6,Brighton and Worthing area,Whitehawk Hill,TQ 330 045,FM,C204
94.5,Radio 4 FM,BBC,"Talk, News, Entertainment",0.02,Basingstoke,Basingstoke,SU 643 479,FM,C204
94.5,Radio 4 FM,BBC,"Talk, News, Entertainment",0.1,"Marlborough area, Wilts",Marlborough,SU 209 688,FM,C204
94.5,Radio 4 FM,BBC,"Talk, News, Entertainment",0.036,"Newtown, Powys",Llandinam,SO 050 877,FM,C204
94.5,Radio Scotland (Highland),BBC,Mixed Format,10,"Thurso & Wick area, Highland",Rumster Forest,ND 197 385,FM,C915
94.5,Radio Scotland (Aberdeen),BBC,Mixed Format,0.042,"Dee Valley, Aberdeenshire",Tullich,NO 379 984,FM,C615
94.5,Radio Ulster,BBC,Mixed Format 123.600,,East & Central Northern Ireland,Divis,IJ 286 750,FM,C319
94.5,Radio Cymru,BBC,Welsh,0.088,"Newcastle Emlyn area, Ceredigion",Llandyfriog,SN 348 412,FM,C327
94.5,Radio Cymru,BBC,Welsh,0.016,"Dolgellau, Gwynedd",Dolgellau,SH 727 185,FM,C327
94.5,Spirit Radio,Irish Ind,Christian,0.4,Wexford,Wexford,,FM,E7C2
94.6,Radio 4 FM,BBC,"Talk, News, Entertainment",1,"Burnley & Colne Valley, Lancs",Pendle Forest,SD 825 384,FM,C204
94.6,Radio 4 FM,BBC,"Talk, News, Entertainment",0.964,Perth area,Kirkton Mailer,NO 102 210,FM,C204
94.6,Radio 4 FM,BBC,"Talk, News, Entertainment",0.926,Swansea area,Kilvey Hill,SS 672 940,FM,C204
94.6,Radio 4 FM,BBC,"Talk, News, Entertainment",0.012,"Bexhill, East Sussex",Bexhill,TQ 744 080,FM,C204
94.6,Radio Scotland (Highland),BBC,Mixed Format,0.72,"Speyside, Highland",Grantown,NJ 003 267,FM,C915
94.6,Radio Berkshire,BBC,Mixed Format,0.25,"Henley, Oxon & Marlow, Bucks",Henley,SU 780 822,FM,CD11
94.6,Radio Stoke,BBC,Mixed Format,6.1,Stoke-on-Trent area,Alsagers Bank,SJ 812 478,FM,CC13
94.6,Radio Wales,BBC,Mixed Format,0.01,"Porth area, South Wales",Porth,ST 029 919,FM,C418
94.6,Radio Cabin,Community,Mixed Format,0.025,"Herne Bay, Kent",Herne Bay Council Office,TR 178 681,FM,
94.6,East Devon Radio,Community,Mixed Format,0.025,"Cranbrook area, Devon",Aylesbeare,SY 048 905,FM,CBA5
94.6,Radio Wimborne,Community,Mixed Format,0.05,"Wimborne area, Dorset",Wimborne,SZ 014 983,FM,
94.6,Classic Hits Radio,"Bay BroadcastingOldies,","Easy, Talk",0.5,East Kildare and SE Meath,Saggart,,FM,EFC1
94.6,Classic Hits Radio,"Bay BroadcastingOldies,","Easy, Talk",0.2,"Bray and Greystones, Wicklow",Bray Head,,FM,EFC1
94.6,KCLR,Irish Ind,"Adult, Oldies, Talk",0.2,"Graiguenamanagh, Kilkenny",Glencourn,,FM,E5C1
94.6,Claremorris Community Radio,Irish Community,Mixed Format,0.02,"Claremorris, Co Mayo",Claremorris,,FM,
94.6,Ros FM,Irish Community,Mixed Format,0.05,Roscommon Town,Roscommon,,FM,
94.7,Radio 4 FM,BBC,"Talk, News, Entertainment",0.065,South Islay,Port Ellen,NR 338 452,FM,C204
94.7,Radio 4 FM,BBC,"Talk, News, Entertainment",0.025,"Ballachulish, Highland",Ballachulish,NN 059 593,FM,C204
94.7,Radio 4 FM,BBC,"Talk, News, Entertainment",0.014,"Mallaig, Highland",Mallaig,NM 676 965,FM,C204
94.7,BBC Hereford and Worcester,BBC,Mixed Format,2,Herefordshire,Ridge Hill,SO 630 333,FM,C513
94.7,Radio Scotland (Dumfries),BBC,Mixed Format 250.000,,S W Scotland & N Cumbria,Sandale,NY 266 398,FM,C515
94.7,Radio Sheffield,BBC,Mixed Format,0.4,Chesterfield,Chesterfield,SK 383 764,FM,CF14
94.7,Three Counties Radio,BBC,Mixed Format,0.4,Aylesbury area,Quainton Hill,SP 750 213,FM,C511
94.7,Radio Cymru,BBC,Welsh,0.005,"Newbridge area, South Wales",Pennar,ST 209 958,FM,C327
94.7,Ashdown Radio,Community,Mixed Format,0.027,"Crowborough, Sussex",Crowborough,TQ 514 310,FM,
94.7,Caroline Coastal,Community,Mixed Format,0.1,"Maldon, Essex",Maldon Blue Boar Hotel,TL 849 071,FM,
94.7,Radio Sangam,Community,Asian,0.03,Dewsbury,Dewsbury Hospital,SE 230 228,FM,
94.7,Winchester Radio,Community,"Oldies, Easy Listening",0.05,Winchester,Winchester RHCH,SU 470 293,FM,
94.7,Highland Radio,Bauer (Ireland),"Adult, Irish & Country,Talk",0.05,"Ballybofey, Donegal",Ballybofey,,FM,EDC0
94.7,Ocean FM,Irish Ind,"Adult, Irish & Country, Talk",0.1,"Ballyshannon & Bundoran, Don.",Ballyshannon,,FM,EEC0
94.7,Spin South West,Bauer (Ireland),Contemporary,1,North & Central Co. Tipperary,Devil's Bit,,FM,EBC0
94.7,France Bleu Nord,Radio France,French Oldies 400.000,,"Nord Pas de Calais, France (1)","Lille, France",,FM,F241
94.8,Radio 4 FM,BBC,"Talk, News, Entertainment",30,"Skye, Harris, East N & S Uist",Skriaig,NG 451 408,FM,C204
94.8,Radio 4 FM,BBC,"Talk, News, Entertainment",16,Channel Islands,Les Platons,CI 925 273,FM,C204
94.8,Radio 4 FM,BBC,"Talk, News, Entertainment",0.5,Moray,Knock More,NJ 321 497,FM,C204
94.8,BBC CWR,BBC,Mixed Format,2.2,Coventry and N Warwickshire,Meriden,SP 255 844,FM,C813
94.8,Radio Devon,BBC,Mixed Format,1,North Devon,Huntshaw Cross,SS 527 221,FM,C812
94.8,Radio Wales,BBC,Mixed Format,10,Anglesey & North Wales Coast,Llanddona,SH 582 810,FM,C418
94.8,Radio Wales,BBC,Mixed Format,0.006,"Rhondda Valley, South Wales",Ton Pentre,SS 960 955,FM,C418
94.8,Angel Radio,Community,Nostalgia,0.1,"Chichester, West Sussex",Chichester Old Broyle Fm,SU 846 058,FM,
94.8,Jorvik FM,Community,Mixed Format,0.1,York,York Askrigg House,SE 580 517,FM,
94.8,Classic Hits Radio,"Bay BroadcastingOldies,","Easy, Talk",2,Cork City and SE County Cork,Churchfield,,FM,EFC1
94.8,Classic Hits Radio,"Bay BroadcastingOldies,","Easy, Talk",0.1,"Bantry, County Cork",Bantry,,FM,EFC1
94.8,Northern Sound,Radio Kerry,"Adult, Oldies, I&C, Talk",2,County Cavan,Sliabh Glach,,FM,C8A5
94.8,WLR FM,Irish Ind,"Adult, Oldies, Talk",0.1,"Suir Estuary, Waterford",Waterford Harbour,,FM,EFC0
94.8,Radio Corca Baiscinn,Irish Community,Mixed Format,0.25,Kilrush SW Clare,Kilrush,,FM,EEC2
94.9,Radio 4 FM,BBC,"Talk, News, Entertainment",43,Shetland Islands,Bressay,HU 503 387,FM,C204
94.9,Radio 4 FM,BBC,"Talk, News, Entertainment",17,"Dundee, Angus and North Fife",Forfar,NO 482 409,FM,C204
94.9,Radio 4 FM,BBC,"Talk, News, Entertainment",10,Derry area,Londonderry,IC 404 176,FM,C204
94.9,Radio 4 FM,BBC,"Talk, News, Entertainment",0.2,"Patna & Dalmellington, Ayrshire",Lethanhill,NS 438 105,FM,C204
94.9,Radio Bristol,BBC,Mixed Format,0.5,Bristol area,Dundry East,ST 573 665,FM,C412
94.9,Radio Lincolnshire,BBC,Mixed Format,6,Lincolnshire,Belmont,TF 217 837,FM,CB13
94.9,Radio London,BBC,Mixed Format,4,London area,Crystal Palace,TQ 339 712,FM,CC11
94.9,Radio London,BBC,Mixed Format,,"Dartford Tunnel, Kent-Essex",Dartford Tunnel,TQ 571 769,FM,CC11
94.9,Oulton FM part time,Sports RSL,Motor Racing,0.002,"Oulton Park Circuit, Cheshire","Oulton Park, Cheshire",SJ 592 649,FM,
94.9,East Coast Radio,Irish Ind,"Adult, Talk",2,South East County Wicklow,Avoca,,FM,E7C1
94.9,Classic Hits Radio,"Bay BroadcastingOldies,","Easy, Talk",2.5,County Dublin,Three Rock,,FM,EFC1
95.0,Radio 4 FM,BBC,"Talk, News, Entertainment",0.02,"Peebles, Border Region",Peebles,NT 228 416,FM,C204
95.0,Radio Gloucestershire,BBC,Mixed Format,0.1,"Stroud area, Gloucestershire",Stroud,SO 836 077,FM,CB12
95.0,Radio Shropshire,BBC,Mixed Format,0.01,"Ludlow, Shropshire",Ludlow,SO 498 741,FM,C61A
95.0,Radio Sussex,BBC,Mixed Format,0.1,"Newhaven & Seaford, Sussex",Newhaven,TQ 435 006,FM,CF12
95.0,Radio Tees,BBC,Mixed Format,9.886,"Teesside, S Durham, N Yorks",Bilsdale,SE 553 962,FM,CB14
95.0,Radio Wales,BBC,Mixed Format,0.03,"Ebbw Vale & Tredegar, S Wales",Ebbw Vale,SO 159 088,FM,C418
95.0,Radio Cymru,BBC,Welsh,0.01,"Ogmore Vale, South Wales",Ogmore Vale,SS 929 894,FM,C327
95.0,Celtic Music Radio,Community,Celtic Music,0.1,Glasgow,Glasgow,NS 595 657,FM,
95.0,East Devon Radio,Community,Mixed Format,0.025,"Sidmouth, Devon",Sidmouth Golf Club,SY 114 872,FM,CBA5
95.0,MKFM,Community,Mixed Format,0.02,Wolverton & North Milton Keynes,Wolverton Stratford Road,SP 811 411,FM,CBA5
95.0,Fiesta FM,Community,Spanish,0.05,Southampton,Midanbury,SU 447 142,FM,
95.0,Radio 2 Funky,Community,Rhythmic Music,0.025,Leicester,Leicester Granby Street,SK 591 042,FM,
95.0,95 FM Limerick,Onic,"Adult, Talk",5,County Limerick,Woodcock Hill,,FM,
95.1,Radio 4 FM,BBC,"Talk, News, Entertainment",2,North Uist,Clettraval,NF 751 716,FM,C204
95.1,Radio 4 FM,BBC,"Talk, News, Entertainment",2,Isle of Lewis,Eitshal,NB 305 302,FM,C204
95.1,Radio 4 FM,BBC,"Talk, News, Entertainment",0.57,"Largs, Rothesay, Clyde Mouth",Rothesay,NS 125 691,FM,C204
95.1,Radio 4 FM,BBC,"Talk, News, Entertainment",0.018,"Strachur & Inveraray, Strathcl",Strachur,NN 094 027,FM,C204
95.1,Radio 4 FM,BBC,"Talk, News, Entertainment",0.05,"Corran and Onich, Highland",Ardgour,NM 989 626,FM,C204
95.1,Radio Manchester,BBC,Mixed Format,4.6,Greater Manchester,Holme Moss,SE 095 041,FM,C414
95.1,Radio Norfolk,BBC,Mixed Format,4,East Norfolk and North Suffolk,Stoke Holy Cross,TG 258 026,FM,C911
95.1,Radio Nottingham,BBC,Mixed Format,0.2,Newark and East Notts,Newark,SK 873 538,FM,CD13
95.1,Radio Sussex,BBC,Mixed Format,0.032,Horsham,Horsham,TQ 176 307,FM,CF12
95.1,Radio Ulster,BBC,Mixed Format,0.1,"Ballycastle, Northern Ireland",Ballycastle,ID 077 423,FM,C319
95.1,Radio Wales,BBC,Mixed Format,3,Carmarthenshire,Carmel,SN 576 153,FM,C418
95.1,Radio Wales,BBC,Mixed Format,0.01,Blaenavon & Abersychan,Blaenavon,SO 277 063,FM,C418
95.1,Cinque Ports Radio,Community,Mixed Format,0.05,"Rye, East Sussex",Hub on Rye Hill,TQ 919 216,FM,
95.1,Radio Mount Vernon,Hospital RSL,Mixed Music,0.002,"Mount Vernon Hospital, Northolt",Mount Vernon Hospital,TQ 075 919,FM,
95.1,WLR FM,Irish Ind,"Adult, Oldies, Talk",10,West County Waterford,Dungarvan,,FM,EFC0
95.1,WLR FM,Irish Ind,"Adult, Oldies, Talk",0.01,Waterford City,Waterford City Centre,,FM,EFC0
95.2,Radio 4 FM,BBC,"Talk, News, Entertainment",1,"Fort Augustus area, Highland",Fort Augustus,NH 361 049,FM,C204
95.2,Radio 4 FM,BBC,"Talk, News, Entertainment",0.4,"Campbeltown, Argyll",Campbeltown,NR 707 172,FM,C204
95.2,Radio Cornwall,BBC,Mixed Format,5,East Cornwall & West Devon,Caradon Hill,SX 273 707,FM,C411
95.2,Radio Cumbria,BBC,Mixed Format,0.2,"Kendal, Cumbria",Kendal,SD 540 912,FM,C714
95.2,Radio Oxford,BBC,Mixed Format,5.8,Oxfordshire and West Bucks,Oxford,SP 567 105,FM,CB11
95.2,Radio Wales,BBC,Mixed Format,0.04,Abergavenny & Usk Valley,Abergavenny,SO 244 126,FM,C418
95.2,Original (Tayside and Fife),DC Thompson,"Oldies, Adult",0.2,South and West Fife,Knock Hill,NT 054 937,FM,C6B3
95.2,Great Driffield Radio,Community,Mixed Format,0.2,Northern East Yorkshire,Eddsfield Airffield,TA 011 696,FM,
95.2,Lyric FM,RTE,"Classical, Jazz",47,"NE Ireland, SE Northern Ireland",Clermont Carn,,FM,E3C0
95.2,Clare FM,Irish Ind,"Adult, Oldies, Talk",0.2,"Lahinch and Ennistimon, Clare",Ennistimon,,FM,E1C1
95.2,Classic Hits Radio,"Bay BroadcastingOldies,","Easy, Talk",0.1,"Fermoy & Mitchelstown, Co Cork",Fermoy,,FM,EFC1
95.2,Highland Radio,Bauer (Ireland),"Adult, Country",2,West County Donegal,Arranmore Island,,FM,EDC0
95.2,RTL,France,French Talk,1,"Dunkerque, France (6)","Dunkerque, France",,FM,F205
95.3,Radio 4 FM,BBC,"Talk, News, Entertainment 150.000",,Aberdeenshire,Meldrum,NJ 760 329,FM,C204
95.3,Radio 4 FM,BBC,"Talk, News, Entertainment",5,"Oban area, Highland",Oban,NM 850 290,FM,C204
95.3,Radio 4 FM,BBC,"Talk, News, Entertainment",0.125,"Crieff area, Perthshire",Crieff,NN 814 200,FM,C204
95.3,Radio 4 FM,BBC,"Talk, News, Entertainment",0.1,"Girvan, Ayrshire",Girvan,NX 211 981,FM,C204
95.3,Radio 4 FM,BBC,"Talk, News, Entertainment",0.04,"Kirkconnel & Sanquhar, D & G",Kirkconnel,NS 746 150,FM,C204
95.3,Radio 4 FM,BBC,"Talk, News, Entertainment",0.064,"Wigtown Bay area, D & G",Cambret Hill,NX 524 578,FM,C204
95.3,Radio Derby,BBC,Mixed Format,1.2,"Matlock & Bakewell, Derbys",Stanton Moor,SK 246 637,FM,C613
95.3,BBC Essex,BBC,Mixed Format,1.26,South East Essex,South Benfleet,TQ 790 867,FM,CE11
95.3,BBC Essex,BBC,Mixed Format,,"Dartford Tunnel, Kent-Essex",Dartford Tunnel,TQ 571 769,FM,CE11
95.3,Radio Leeds,BBC,Mixed Format,0.066,West Halifax,Luddenden,SE 048 248,FM,CE14
95.3,Radio Leeds,BBC,Mixed Format,0.064,"Otley & Ilkley area, W Yorks",Wharfedale,SE 198 485,FM,CE14
95.3,Radio Sussex,BBC,Mixed Format,1,Brighton and Worthing area,Whitehawk Hill,TQ 330 045,FM,CF12
95.3,Radio Ulster,BBC,Mixed Format,0.02,"Newtownabbey, N Ireland",Carnmoney Hill,IJ 336 829,FM,C319
95.3,Radio Wales,BBC,Mixed Format 120.000,,Ceredigion & SW Gwynedd,Blaenplwyf,SN 569 756,FM,C418
95.3,TMCR,Community,Mixed Format,0.025,"Thorne-Moorends, South Yorks",Thorne - Bridge Street,SE 690 132,FM,
95.3,Harrogate Hospital Radio,Hospital RSL,Mixed Format,,Harrogate,Harrogate District Hospital,SE 317 553,FM,
95.3,Bailrigg FM,Student RSL,New Music,0.002,Lancaster,Lancaster University,SD 486 572,FM,
95.3,95 FM Limerick,Onic,"Adult, Talk",1,West County Limerick,Barnagh,,FM,
95.3,Tipp FM,Irish Ind,"Adult, Oldies, Talk",0.1,"Lorrha, North East Co. Tipperary",Lorrha,,FM,E2C1
95.3,Tipp FM,Irish Ind,"Adult, Oldies, Talk",0.06,South East Co. Tipperary,Barrancullia,,FM,E2C1
95.3,Tipp FM,Irish Ind,"Adult, Oldies, Talk",0.1,"Carrick on Suir, Tipperary",Carrick-on-Suir,,FM,E2C1
95.4,Radio Berkshire,BBC,Mixed Format,0.5,East Berkshire,Windsor Castle,SU 968 770,FM,CD11
95.4,Radio Newcastle,BBC,Mixed Format,10,"Tyneside, Durham, S Nthmblnd",Pontop Pike,NZ 147 527,FM,CA14
95.4,Radio Ulster,BBC,Mixed Format,3.4,North Northern Ireland,Limavady,IC 711 296,FM,C319
95.4,Radio Wales,BBC,Mixed Format,0.7,Wrexham area,Wrexham,SJ 301 537,FM,C418
95.4,Cross Counties Radio,Community,Mixed Format,0.206,"Blaby, Leicestershire",Blaby,SP 564 694,FM,C9B5
95.4,Classic Hits Radio,"Bay BroadcastingOldies,","Easy, Talk",5,West County Cork,Nowen Hill,,FM,EFC1
95.4,Midlands 103,Tindle,"Adult, Oldies, Irish&Country, Talk",0.2,Athlone and W Westmeath,Athlone,,FM,E3C2
95.4,MWR FM,Irish Ind,"Adult, Irish & Country, Talk",0.05,"Westport, Mayo",Westport,,FM,E8C1
95.4,France Inter,Radio France,French Mixed format 170.000,,"West Bretagne, France (3)","Brest, France",,FM,F201
95.5,Radio 4 FM,BBC,"Talk, News, Entertainment",0.2,"Penicuik, Lothian",Penicuik,NT 229 597,FM,C204
95.5,Radio 4 FM,BBC,"Talk, News, Entertainment",0.032,"Blairgowrie & Rattray, Perthshire",Rosemount,NO 203 435,FM,C204
95.5,Radio 4 FM,BBC,"Talk, News, Entertainment",0.007,Carmarthen,Carmarthen,SN 412 213,FM,C204
95.5,Radio Lancashire,BBC,Mixed Format,1.6,East and Central Lancashire,Hameldon Hill,SD 808 288,FM,C514
95.5,Radio Nottingham,BBC,Mixed Format,2,Central Nottinghamshire,Fishponds Hill,SK 514 606,FM,CD13
95.5,BBC Somerset,BBC,Mixed Format,5,Somerset,Mendip,ST 563 488,FM,CF12
95.5,Radio Suffolk,BBC,Mixed Format,2,"Lowestoft area, Suffolk",Lowestoft,TM 523 942,FM,CA11
95.5,Three Counties Radio,BBC,Mixed Format,1.2,Bedfordshire & North Herts,Sandy Heath,TL 204 494,FM,C511
95.5,Radio Wales,BBC,Mixed Format,0.048,"Swansea Valley, South Wales",Varteg Hill,SN 776 077,FM,C418
95.5,Radio York,BBC,Mixed Format,0.25,"Scarborough area, N Yorks",Oliver's Mount,TA 040 869,FM,C914
95.5,West Kent Radio,Community,Mixed Format,0.025,"Tonbridge, Kent",Tonbridge High Street,TQ 590 463,FM,CAA5
95.5,Clare FM,Irish Ind,"Adult, Oldies, Talk",1,"Kilrush, Clare",Kilrush,,FM,E1C1
95.5,LM FM,Onic,"Adult, Oldies, Talk",2,South County Meath,"Red Gap, Saggart",,FM,ECC1
95.5,MWR FM,Irish Ind,"Adult, Irish & Country, Talk",0.1,"Balina, Mayo",Carrowmore,,FM,E8C1
95.5,France Bleu Nord,Radio France,French Oldies,1,"Boulogne, France (5)","Boulogne, France",,FM,F241
95.6,Radio 4 FM,BBC,"Talk, News, Entertainment",10,"Thurso & Wick area, Highland",Rumster Forest,ND 197 385,FM,C204
95.6,Radio 4 FM,BBC,"Talk, News, Entertainment",9.8,Fermanagh and South Tyrone,Brougher Mountain,IH 350 527,FM,C204
95.6,Radio 4 FM,BBC,"Talk, News, Entertainment",0.01,"Kinlochleven, Highland",Kinlochleven,NN 178 630,FM,C204
95.6,Radio 4 FM,BBC,"Talk, News, Entertainment",2.2,"S Kapdale, E Islay, Jura",South Knapdale,NR 837 748,FM,C204
95.6,Radio Cumbria,BBC,Mixed Format,15,North Cumbria,Sandale,NY 266 398,FM,C714
95.6,Radio Norfolk,BBC,Mixed Format,2.126,North Norfolk,West Runton,TG 186 412,FM,C911
95.6,Radio WM,BBC,Mixed Format,11.4,West Midlands,Sutton Coldfield,SK 113 003,FM,C813
95.6,B Radio (Reading),Community,Contemporary,0.108,Reading,Reading Fountain House,SU 712 733,FM,
95.6,BRFM,Community,Mixed Format,0.025,"Isle of Sheppey, Kent",Minster,TQ 968 733,FM,
95.6,Seahaven FM,Community,Mixed Format,0.026,Eastbourne area,"Butts Brow, Hailsham",TQ 580 015,FM,
95.6,Cork's 96 FM,Onic,"Adult, Contemporary, Talk",0.2,North East County Cork,NE Cork Relay,,FM,EAC1
95.6,South East Radio,Tindle,"Adult, Oldies, I&C, Talk",2,North County Wexford,Mount Leinster,,FM,E6C1
95.6,Tipp FM,Irish Ind,"Adult, Oldies, Talk",0.2,"Birdhill, West Co .Tipperary",Birdhill,,FM,E2C1
95.6,France Musique,Radio France,French Classical,50,"Basse Normandie, France (2)","Caen, France",,FM,F203
95.7,Radio 4 FM,BBC,"Talk, News, Entertainment",50,"E Lewis, N Skye & W Highland",Melvaig,NG 757 900,FM,C204
95.7,Radio 4 FM,BBC,"Talk, News, Entertainment",0.08,North Islay,Bowmore,NR 318 590,FM,C204
95.7,Radio 4 FM,BBC,"Talk, News, Entertainment",0.035,"Kingussie, Highland",Kingussie,NN 769 985,FM,C204
95.7,Radio Cambridgeshire,BBC,Mixed Format,5.2,North Cambridgeshire,Peterborough,TL 127 913,FM,C911
95.7,Radio Devon,BBC,Mixed Format,1,Plymouth area,Plympton,SX 531 555,FM,C812
95.7,Radio Cymru,BBC,Welsh,0.008,"Llanfyllin, Powys",Llanfyllin,SJ 151 181,FM,C327
95.7,Dean Radio,Community,Mixed Format,0.025,"Lydney area, Gloucestershire",Bream,SO 605 060,FM,
95.7,GTFM,Community,Mixed Format,0.02,"Tonyrefail, South Wales",Tonyrefail,ST 008 882,FM,CCE0
95.7,Penistone Community Radio,Community,Mixed Format,0.05,"Penistone, South Yorkshire",Hoylandswaine,SE 259 045,FM,
95.7,Midlands 103,Tindle,"Adult, Oldies, Irish&Country, Talk",0.1,"Tullamore, Offaly",Tullamore,,FM,E3C2
95.7,Radio Nova,Bay BroadcastingClassic,Rock,0.2,North and East Wicklow,Bray Head,,FM,E1D0
95.7,Shannonside 104 FM,Radio Kerry,"Adult, Oldies, Contemp, Talk",0.02,"Boyle, Roscommon",Boyle,,FM,E1C2
95.7,VRT Radio 1,VRT,Flemish,50,"Flanders, Belgium (6)","Egem, Belgium",,FM,B201
95.8,Radio 4 FM,BBC,"Talk, News, Entertainment 250.000",,Central Scotland,Black Hill,NS 828 647,FM,C204
95.8,Radio Devon,BBC,Mixed Format,0.452,Exeter area,St Thomas,SX 898 922,FM,C812
95.8,Radio Gloucestershire,BBC,Mixed Format,0.08,Cirencester,Cirencester,SP 004 057,FM,CB12
95.8,Radio Merseyside,BBC,Mixed Format,7.1,Merseyside & West Cheshire,Allerton Park,SJ 421 866,FM,CC14
95.8,Radio Tees,BBC,Mixed Format,0.108,"Whitby, North Yorkshire",Whitby,NZ 904 113,FM,CB14
95.8,Radio Wales,BBC,Mixed Format,0.042,"Aberdare area, South Wales",Aberdare,SO 034 013,FM,C418
95.8,Capital (London),Global Radio,Contemporary,4,London area,Croydon,TQ 332 696,FM,C2C0
95.8,Capital (London),Global Radio,Contemporary,,"Dartford Tunnel, Kent-Essex",Dartford Tunnel,TQ 571 769,FM,C2C0
95.8,Cork's 96 FM,Onic,"Adult, Contemporary, Talk",5,West County Cork,Nowen Hill,,FM,EAC1
95.8,Cork's 96 FM,Onic,"Adult, Contemporary, Talk",0.05,"Fermoy, County Cork",Fermoy,,FM,EAC1
95.8,Galway Bay FM,Irish Ind,"Adult, Talk",0.1,Galway City,Tonabrocky,,FM,E4C1
95.8,Galway Bay FM,Irish Ind,"Adult, Talk",0.1,West County Galway,Clifden,,FM,E4C1
95.8,LM FM,Onic,"Adult, Talk",10,Co Louth & N Co Meath,Mount Oriel,,FM,ECC1
95.8,Spirit Radio,Irish Ind,Christian,,"Clonmel, County Tipperary",,,FM,E7C2
95.9,Radio 4 FM,BBC,"Talk, News, Entertainment",2.1,South East Aberdeenshire,Durris,NO 763 897,FM,C204
95.9,Radio 4 FM,BBC,"Talk, News, Entertainment",1,South Uist,Daliburgh,NF 736 216,FM,C204
95.9,Radio 4 FM,BBC,"Talk, News, Entertainment",4,"Fort William area, Highland",Fort William,NN 117 772,FM,C204
95.9,Radio Humberside,BBC,Mixed Format,8.75,East Yorkshire & N Lincolnshire,High Hunsley,SE 945 350,FM,C811
95.9,Radio Suffolk,BBC,Mixed Format,2,East Suffolk,Aldeburgh,TM 442 596,FM,CA11
95.9,Radio Wales,BBC,Mixed Format,20,Pembrokeshire,Haverfordwest,SN 028 261,FM,C418
95.9,Radio Wales,BBC,Mixed Format,0.5,Newport area,Christchurch,ST 353 896,FM,C418
95.9,Heart South,Global Radio,Pop Hits from 90s to present,0.27,"Thanet, Kent",Thanet,TR 366 678,FM,C4C8
95.9,Andover Radio,Community,Mixed Format,0.025,"Andover, Hampshire","Quality Hotel, Andover",SU 374 451,FM,
95.9,Hailsham FM,Community,Mixed Format,0.075,"Hailsham, East Sussex",Hailsham,TQ 591 094,FM,
95.9,Torbay Hospital Radio,Hospital RSL,Mixed Music,0.002,"Torbay Hospital, Torquay",Torbay Hospital,ST 899 659,FM,
95.9,Clare FM,Irish Ind,"Adult, Oldies, Talk",2,East County Clare,Woodcock Hill,,FM,E1C1
96.0,Radio 4 FM,BBC,"Talk, News, Entertainment 123.600",,East & Central Northern Ireland,Divis,IJ 286 750,FM,C204
96.0,Radio 4 FM,BBC,"Talk, News, Entertainment",41,Orkney Islands,Keelylang Hill,HY 378 102,FM,C204
96.0,Radio Cambridgeshire,BBC,Mixed Format,1,S & Central Cambridgeshire,"Madingley, Cambridge",TL 392 594,FM,C911
96.0,Radio Cornwall,BBC,Mixed Format,0.06,Isles of Scilly,Isles of Scilly,SV 911 124,FM,C411
96.0,Radio Derby,BBC,Mixed Format,0.1,"Buxton, Derbyshire",Buxton,SK 060 753,FM,C613
96.0,Radio Devon,BBC,Mixed Format,0.1,"Okehampton, Devon",Okehampton,SX 586 967,FM,C812
96.0,Radio Newcastle,BBC,Mixed Format,5.6,North Northumberland,Chatton,NU 105 264,FM,CA14
96.0,Radio Shropshire,BBC,Mixed Format,4.8,Shropshire,The Wrekin,SJ 628 082,FM,C61A
96.0,Greatest Hits Radio,Bauer,Oldies,0.062,West Dorset,Bridport,SY 453 915,FM,C2D4
96.0,Cork's 96 FM,Onic,"Adult, Contemporary, Talk",0.2,"Cobin & Monkstown, Cork",Carrigaline,,FM,EAC1
96.0,KCLR,Irish Ind,"Adult, Oldies, Talk",0.2,"Callan, County Kilkenny",Corbally Wood,,FM,E5C1
96.0,KCLR,Irish Ind,"Adult, Oldies, Talk",0.2,"Johnstown/Urlingford, Kilkenny",Boggan,,FM,E5C1
96.0,LM FM,Onic,"Adult, Talk",0.5,"Ashourne, County Meath",Ashourne,,FM,ECC1
96.1,Radio 4 FM,BBC,"Talk, News, Entertainment",5,"Tobermory area, Highland",Glengorm,NM 465 565,FM,C204
96.1,Radio 4 FM,BBC,"Talk, News, Entertainment",0.72,"Speyside, Highland",Grantown,NJ 003 267,FM,C204
96.1,Radio 4 FM,BBC,"Talk, News, Entertainment",0.2,Ness of Lewis,Ness of Lewis,NB 533 603,FM,C204
96.1,Radio 4 FM,BBC,"Talk, News, Entertainment",0.05,"Ullapool, Highland",Ullapool,NH 142 935,FM,C204
96.1,Radio 4 FM,BBC,"Talk, News, Entertainment",0.02,"Innerleithen, Border",Innerleithen,NT 325 368,FM,C204
96.1,Radio 4 FM,BBC,"Talk, News, Entertainment",0.01,"Portree, Skye",Penifiler,NG 489 417,FM,C204
96.1,Radio Cumbria,BBC,Mixed Format,3.2,South Cumbria,Morecambe Bay,SD 239 791,FM,C714
96.1,Radio Solent,BBC,Mixed Format,10,S Hampshire E Dorset & IOW,Rowridge,SZ 447 865,FM,CD12
96.1,Radio Wales,BBC,Mixed Format,0.025,"Merthyr Tydfil area, South Wales",Merthyr Tydfil,SO 057 065,FM,C418
96.1,Radio Cymru,BBC,Welsh,0.036,"Newtown, Powys",Llandinam,SO 050 877,FM,C327
96.1,Greatest Hits Radio,Bauer,Oldies,0.4,Rotherham and E Sheffield area,Rotherham,SK 432 913,FM,C2D4
96.1,Heart East,Global Radio,Pop Hits from 90s to present,0.5,Colchester & North East Essex,Wivenhoe Park,TM 028 239,FM,C9C8
96.1,Heart South,Global Radio,Pop Hits from 90s to present,0.225,"Ashford area, Kent",Wye,TR 066 472,FM,C4C8
96.1,Original (Tayside and Fife),DC Thompson,"Oldies, Adult",0.5,Central Fife,Purin Hill,NO 252 059,FM,C6B3
96.1,Revolution Radio,Community,Rhythmic and Pop Music,0.14,Northampton,Northampton Moulton Pk,SP 768 646,FM,
96.1,The Source,Community,Mixed Format,0.025,"Falmouth & Penryn, Cornwall",Penryn,SW 769 347,FM,
96.1,Cork's 96 FM,Onic,"Adult, Contemporary, Talk",1,North County Cork,Mount Hillery,,FM,EAC1
96.1,Midlands 103,Tindle,"Adult, Oldies, Irish&Country, Talk",0.1,"Castlepollard, N Westmeath",Castlepollard,,FM,E3C2
96.1,MWR FM,Irish Ind,"Adult, Irish & Country, Talk",5,County Mayo,Kiltimagh,,FM,E8C1
96.2,Capital (Midlands),Global Radio,Contemporary,0.1,Coventry,Samuel Vale House,SP 332 796,FM,C4C0
96.2,Capital (Midlands),Global Radio,Contemporary,1,South Nottinghamshire,Mapperley Ridge,SK 583 424,FM,C4C0
96.2,Greatest Hits Radio,Bauer,Oldies,2.58,North East Norfolk,Stody,TG 073 333,FM,C2D4
96.2,Greatest Hits Radio,Bauer,Oldies,0.01,"Fakenham, Norfolk",Fakenham,TF 926 302,FM,C2D4
96.2,Greatest Hits Radio,Bauer,Oldies,0.1,East Greater Manchester,Oldham Civic Centre,SD 923 051,FM,C2D4
96.2,Greatest Hits Radio,Bauer,Oldies,1,Aylesbury area,Quainton Hill,SP 750 213,FM,C2D4
96.2,Greatest Hits Radio,Bauer,Oldies,0.625,Scarborough & East N Yorks,Olivers Mount,SX 040 869,FM,C2D4
96.2,Heart South West,Global Radio,Pop Hits from 90s to present,2.5,North and Central Devon,Huntshaw Cross,SS 527 221,FM,C5C8
96.2,Heart North East,Global Radio,Pop Hits from 90s to present,0.05,"West Tyneside, Tyne & Wear",Fenham,NZ 216 648,FM,C7C8
96.2,KM-FM,Kent Messenger,Contemporary,0.19,"Tunbridge Wells area, Kent",Tunbridge Wells,TQ 607 440,FM,C5DF
96.2,SIBC,Independent,"Contemporary, Adult",4,Shetland Islands,Bressay,HU 503 387,FM,C4A4
96.2,Cork's 96 FM,Onic,"Adult, Contemporary, Talk",0.1,"Clonakilty, SW County Cork",Clonakilty,,FM,EAC1
96.2,Cork's 96 FM,Onic,"Adult, Contemporary, Talk",0.2,"Macroom, West Cork",Macroom,,FM,EAC1
96.2,East Coast Radio,Irish Ind,"Adult, Talk",10,North & East County Wicklow,Bray Head,,FM,E7C1
96.2,KCLR,Irish Ind,"Adult, Oldies, Talk",1,"Borris, South Carlow",Glencoum,,FM,E5C1
96.2,Radio Kerry,Radio Kerry,"Adult, Oldies, I&C, Talk",3,South West Kerry,Cahirciveen,,FM,E3C1
96.2,Midlands 103,Tindle,"Adult, Oldies, Irish&Country, Talk",0.2,Laois,Portlaoise,,FM,E3C2
96.2,South East Radio,Tindle,"Adult, Oldies, I&C, Talk",0.02,North Co Wexford,Gorey,,FM,E6C1
96.2,South East Radio,Tindle,"Adult, Oldies, I&C, Talk",0.02,"Enniscorthy, Wexford",Enniscorthy,,FM,E6C1
96.2,South East Radio,Tindle,"Adult, Oldies, I&C, Talk",0.02,Wexford town,Wexford town,,FM,E6C1
96.2,Nitro FM part time,Sports RSL,Motor Racing,0.001,"Santa Pod Circuit, Northants","Santa Pod Circuit, NorthantSsP",960 610,FM,
96.2,Europe 2,France,French Contemporary,1,"Dunkerque, France (6)","Dunkerque, France",,FM,F221
96.3,Capital (NW & Wales),Global Radio,Contemporary,1.25,North Wales Coast,Great Orme Head,SH 766 834,FM,C6C0
96.3,Greatest Hits Radio,Bauer,Oldies,2.5,Leeds area,Tingley,SE 279 266,FM,C2D4
96.3,Heart East,Global Radio,Pop Hits from 90s to present,0.92,South East Essex,South Benfleet,TQ 790 867,FM,C9C8
96.3,Heart South West,Global Radio,Pop Hits from 90s to present,1.94,Bristol area,Dundry,ST 551 669,FM,C5C8
96.3,Nation Radio (Scotlandf),Nation,Oldies,4.076,Glasgow Area,Cathkin Braes,NS 625 582,FM,
96.3,Corby Radio,Community,Mixed Format,0.025,Corby,Corby,SP 881 885,FM,
96.3,Cross Rhythms Plymouth,Community,Christian,0.06,Plymouth,Mannamead,SX 487 504,FM,
96.3,Seahaven FM,Community,Mixed Format,0.2,Newhaven & Seaford area,Newhaven MCA,TQ 446 001,FM,
96.3,Northern Sound,Radio Kerry,"Adult, Oldies, I&C, Talk",5,County Monaghan,Monaghan,,FM,C8A5
96.4,Downtown Radio,Bauer,"Oldies, Adult",2,North Northern Ireland,Limavady,IC 711 296,FM,C4B6
96.4,Greatest Hits Radio,Bauer,Oldies,1.25,North Cumbria,Caldbeck,NY 299 425,FM,C2D4
96.4,Greatest Hits Radio,Bauer,Oldies,0.25,East Cheshire,Sutton Common,SJ 933 676,FM,C2D4
96.4,Greatest Hits Radio,Bauer,Oldies,3,West Surrey and NE Hampshire,Guildford,SU 975 486,FM,C2D4
96.4,Greatest Hits Radio,Bauer,Oldies,0.1,Grimsby area,Grimsby ATE,TA 272 096,FM,C2D4
96.4,Heart East,Global Radio,Pop Hits from 90s to present,2,West Suffolk,Great Barton,TL 886 686,FM,C9C8
96.4,Heart South West,Global Radio,Pop Hits from 90s to present,1,Torbay,Beacon Hill,SX 857 620,FM,C5C8
96.4,Hits Radio (South Wales),Bauer,"Contemporary, 10s, 00s",1.38,Swansea area,Kilvey Hill,SS 672 940,FM,CCD2
96.4,Hits Radio (West Midlands),Bauer,"Contemporary, 10s, 00s",10,Birmingham area,Sutton Coldfield,SK 113 003,FM,C4D2
96.4,KM-FM,Kent Messenger,Contemporary,0.2,Folkestone,Folkestone,TR 229 382,FM,C5DF
96.4,Smooth Radio (North East),Communicorp,"Oldies, Easy Listening",0.2,"Hexham & Tyne Valley, Nthmb",Newton,NZ 036 653,FM,C7D4
96.4,Tay FM,Bauer,"Contemporary, 10s, 00s",0.8,Perth area,Perth,NO 108 212,FM,C6B3
96.4,Tay FM,Bauer,"Contemporary, 10s, 00s",0.1,Dundee,Tay Bridge,NO 430 284,FM,C6B3
96.4,Corby Radio,Community,Mixed Format,0.025,"Corby, Northants",Corby,SP 881 885,FM,
96.4,Clare FM,Irish Ind,"Adult, Oldies, Talk",5,County Clare,Maghera,,FM,E1C1
96.4,Cork's 96 FM,Onic,"Adult, Contemporary, Talk",1,Cork city and East County Cork,Holyhill,,FM,EAC1
96.4,Cork's 96 FM,Onic,"Adult, Contemporary, Talk",0.1,"Bantry, SW County Cork",Bantry,,FM,EAC1
96.4,South East Radio,Tindle,"Adult, Oldies, I&C, Talk",1,South County Wexford,Forth Mountain,,FM,E6C1
96.4,South East Radio,Tindle,"Adult, Oldies, I&C, Talk",0.02,"New Ross, Wexford",New Ross,,FM,E6C1
96.5,Capital (Midlands),Global Radio,Contemporary,0.05,"Mansfield & Ashfields, Notts",Fishponds Hill,SK 514 606,FM,C4C0
96.5,Greatest Hits Radio,Bauer,Oldies,0.1,West Lancashire,Blackpool Tower,SD 306 360,FM,C2D4
96.5,Greatest Hits Radio (Scotland),Bauer,Oldies,,"Stranraer area, D & G",Cairn Pat,NX 044 563,FM,CBD4
96.5,Heart South West,Global Radio,Pop Hits from 90s to present,0.1,Taunton area,Taunton,ST 240 225,FM,C5C8
96.5,Heart South West,Global Radio,Pop Hits from 90s to present,0.05,"Marlborough area, Wilts",Marlborough,SU 209 688,FM,C5C8
96.5,Bolton FM,Community,Mixed Format,0.2,Bolton,Bolton Dove Mill,SD 695 078,FM,
96.5,Bute FM,Community,Mixed Format,0.025,"Isle of Bute, Argyll",Rothesay Town,NS 089 645,FM,
96.5,Coast FM,Community,Mixed Format,0.026,"Penzance, Cornwall",Penzance Cricket Club,SW 467 309,FM,C7A5
96.5,Maritime Radio,Community,Mixed Format,0.05,"Greenwich area, London",Shrewsbury House,TQ 441 770,FM,
96.5,LM FM,Onic,"Adult, Talk",0.5,"Dundalk area, Louth",Dundalk,,FM,ECC1
96.5,LM FM,Onic,"Adult, Talk",0.5,"Carlingford & Omeath, Louth",Carlingford,,FM,ECC1
96.5,LM FM,Onic,"Adult, Talk",0.1,Drogheda,Drogheda,,FM,ECC1
96.5,LM FM,Onic,"Adult, Talk",0.04,"Athboy, County Meath",Athboy,,FM,ECC1
96.5,LM FM,Onic,"Adult, Talk",0.04,"Trim, County Meath",Trim,,FM,ECC1
96.5,Midlands 103,Irish Ind,"Adult, Oldies, Irish&Country, Talk",0.5,Central and East Westmeath,Mullingar,,FM,E3C2
96.5,France Inter,Radio France,French Mixed format 100.000,,"Haute Normandie, France (2)","Rouen, France",,FM,F201
96.6,Downtown Radio,Bauer,"Oldies, Adult",8.2,Fermanagh and South Tyrone,Brougher Mountain,IH 350 527,FM,C4B6
96.6,Greatest Hits Radio,Bauer,Oldies,0.2,Chichester & Bognor Regis,The Trundle,SU 873 112,FM,C2D4
96.6,Greatest Hits Radio,Bauer,Oldies,0.1,"Blandford area, Dorset",North Dorset Council,ST 888 071,FM,C2D4
96.6,Heart East,Global Radio,Pop Hits from 90s to present,4,Northamptonshire,Northampton,SP 760 647,FM,C9C8
96.6,Heart Hertfordshire,Communicorp,Pop Hits from 90s to present,1,West Hertfordshire,Pimlico (Hemel Hempstead)TL,088 045,FM,CFC8
96.6,Heart South West,Global Radio,Pop Hits from 90s to present,0.04,"Tavistock, Devon (mono)",Tavistock,SX 485 716,FM,C5C8
96.6,Hits Radio (Teesside),Bauer,"Contemporary, 10s, 00s",9.55,"Teesside, S Durham, N Yorks",Bilsdale,SE 553 962,FM,C7D2
96.6,Moray Firth Radio,Bauer,"Contemporary, 10s, 00s",0.45,"Speyside, Highland",Cairngorm ski lift,NJ 006 048,FM,C8B3
96.6,Original (Tayside and Fife),DC Thompson,"Oldies, Adult",0.01,"Kirkcaldy, Fife",Kirkcaldy,NT 289 926,FM,C6B3
96.6,Cross Rhythms City Radio,Community,"Contemporary, Christian",0.025,"Newcastle under Lyme, Staffs",Hanchurch - Duke Lodge,SJ 839 400,FM,
96.6,Frome FM,Community,Mixed Format,0.025,"Frome, Somerset",Frome,ST 774 478,FM,
96.6,Glouester FM,Community,Rhythmic Music,0.02,Gloucester,Gloucester Royal Hospital,SO 842 186,FM,
96.6,Nevis Radio,Community,"Adult, Contemporary",0.3,"Fort William area, Highland",Creag a' Chàil,NN 137 748,FM,C6A3
96.6,RNA FM,Independent,Mixed Music,0.02,"Arbroath, Angus",Arbroath Infirmary,NO 634 404,FM,
96.6,KCLR,Irish Ind,"Adult, Oldies, Talk",5,County Kilkenny,Johnswell,,FM,E5C1
96.6,Radio Kerry,Radio Kerry,"Adult, Oldies, I&C, Talk",0.1,"Killarney, County Kerry",Killarney,,FM,E3C1
96.7,Radio Kent,BBC,Mixed Format,8.7,North and West Kent,Wrotham,TQ 595 604,FM,CE12
96.7,Radio Kent,BBC,Mixed Format,,"Dartford Tunnel, Kent-Essex",Dartford Tunnel,TQ 571 769,FM,CE12
96.7,Clyde 1,Bauer,"Contemporary, 10s, 00s",2.2,Ayrshire,Darvel,NS 557 341,FM,C4B3
96.7,Greatest Hits Radio,Bauer,Oldies,2.6,West Norfolk,Great Massingham,TF 788 228,FM,C2D4
96.7,Greatest Hits Radio,Bauer,Oldies,0.05,"Grantham, Lincolnshire",Grantham,SK 905 337,FM,C2D4
96.7,Greatest Hits Radio,Bauer,Oldies,0.2,"Ashbourne area, Derbyshire",Ashbourne Blenheim Rd,SK 190 456,FM,C2D4
96.7,Heart South,Global Radio,Pop Hits from 90s to present,0.5,Winchester & Southampton,Crabwood Farm,SU 4490295,FM,C4C8
96.7,Hits Radio (Liverpool),Bauer,"Contemporary, 10s, 00s",8.2,Merseyside & West Cheshire,Allerton Park,SJ 421 866,FM,C6D2
96.7,Hits Radio (Liverpool),Bauer,"Contemporary, 10s, 00s",0.002,Mersey Tunnel,Mersey Tunnel,SJ 340 902,FM,C6D2
96.7,Hits Radio (West Midlands),Bauer,"Contemporary, 10s, 00s",0.1,Kidderminster area,Kidderminster,SO 808 739,FM,C4D2
96.7,Moray Firth Radio,Bauer,"Contemporary, 10s, 00s",0.1,"Fraseburgh area, Aberdeenshire",Mormond Hill,NJ 982 569,FM,C8B3
96.7,Moray Firth Radio,Bauer,"Contemporary, 10s, 00s",0.02,"Wick, Highland",Newton Wick,ND 348 498,FM,C8B3
96.7,Q Radio,Northern Media,Adult,0.55,Belfast area,Black Mountain,IJ 278 727,FM,C6B6
96.7,Link FM,Community,Asian,0.025,Sheffield,Sheffield,SK 332 875,FM,
96.7,Phoenix Radio,Community,Mixed Format,0.1,Halifax,Halifax Calderdale CollegeSE,083 248,FM,
96.7,Lyric FM,RTE,"Classical, Jazz",10,County Dublin,Three Rock,,FM,E3C0
96.8,Radio Cymru,BBC,Welsh 250.000,,South Wales & West England,Wenvoe,ST 110 742,FM,C327
96.8,Greatest Hits Radio (Scotland),Bauer,Oldies,5,Border Region,Selkirk,NT 500 294,FM,CBD4
96.8,Radio Wester Ross,Independent,Adult,0.5,"Lochinver & Enard Bay, Highland",Polbain,NB 999 109,FM,C7A3
96.8,Erewash Sound,Community,Mixed Format,0.025,"Ilkeston, Derbyshire",Ilkeston,SK 464 416,FM,
96.8,Mon FM,Community,Mixed Format,0.4,South East and Central Anglesey,Penmynydd,SH 514 748,FM,CCE1
96.8,Cork's 96 FM,Onic,"Adult, Contemporary, Talk",0.1,Kinsale County Cork,Kinsale,,FM,EAC1
96.8,Cork's 96 FM,Onic,"Adult, Contemporary, Talk",0.1,"Youghal, County Cork",Youghal,,FM,EAC1
96.8,Galway Bay FM,Irish Ind,"Adult, Talk",5,County Galway,Knokroe,,FM,E4C1
96.8,NOS Radio 3,NOS,Dutch Contemporary 100.000,,West Netherlands (4),"Lopik, Netherlands",,FM,2203
96.8,France Culture,Radio France,French Talk,,"Dunkerque, France (6)","Dunkerque, France",,FM,F204
96.9,Capital Xtra,Global Radio,Contemporary Rap and R&B,0.03,South and Central London,Crystal Palace,TQ 339 712,FM,C2C1
96.9,Greatest Hits Radio,Bauer,Oldies,0.2,Stafford,Pye Green,SJ 987 145,FM,C2D4
96.9,Heart East,Global Radio,Pop Hits from 90s to present,0.74,Bedfordshire & North Herts,Sandy Heath,TL 204 494,FM,C9C8
96.9,Heart North West,Global Radio,Pop Hits from 90s to present,3.2,South Cumbria & NW Lancs,Morecambe Bay,SD 239 791,FM,C6C8
96.9,Heart South,Global Radio,Pop Hits from 90s to present,0.1,"Newhaven & Seaford, Sussex",Newhaven,TQ 435 006,FM,C4C8
96.9,Hits Radio (East Yorkshire),Bauer,"Contemporary, 10s, 00s",9.4,East Yorkshire & N Lincolnshire,High Hunsley,SE 945 350,FM,CBD2
96.9,Northsound One,Bauer,"Contemporary, 10s, 00s",10.5,East Aberdeenshire,Durris,NO 763 897,FM,C7B3
96.9,ALL FM,Community,Mixed Format,0.05,South Manchester,Longsight,SJ 875 951,FM,
96.9,iRadio,Bauer,Contemporary,5,East County Donegal and Derry,Scalp Mountain,,FM,ECC0
96.9,KCLR,Irish Ind,"Adult, Oldies, Talk",1,Co Carlow & S Co Kildare,Rossmore,,FM,E5C1
97.0,Clyde 1,Bauer,"Contemporary, 10s, 00s",0.05,Dumbarton & Alexandria,Millburn Muir,NS 378 796,FM,C4B3
97.0,Hits Radio (West Midlands),Bauer,"Contemporary, 10s, 00s",2,Coventry & Warwickshire,Shilton,SP 410 836,FM,C4D2
97.0,Greatest Hits Radio (Scotland),Bauer,Oldies,1,Dumfrieshire,Riddings Hill,NX 903 779,FM,CBD4
97.0,Heart South,Global Radio,Pop Hits from 90s to present,0.5,Dover and Folkestone area,Dover,TR 274 397,FM,C4C8
97.0,Heart South,Global Radio,Pop Hits from 90s to present,0.5,Reading,Broad Street Mall,SU 713 733,FM,C4C8
97.0,Heart South West,Global Radio,Pop Hits from 90s to present,2,Plymouth area,Plympton,SX 531 555,FM,C5C8
97.0,Heart South West,Global Radio,Pop Hits from 90s to present,0.9,Exeter area,St Thomas,SX 898 922,FM,C5C8
97.0,Crescent Radio,Community,Asian,0.102,Rochdale,Stoneyfield,SD 896 126,FM,
97.0,Fantasy,Community,Mixed Format,0.025,"Devizes, Wiltshire",Devizes,SU 006 613,FM,
97.0,Nevis Radio,Community,"Adult, Contemporary",0.25,"Glen Coe, Highland",Glencoe,NN 261 516,FM,C6A3
97.0,Hospital Radio Medway,Hospital RSL,Mixed Music,5e-05,"Gillingham, Kent",Medway Maritime Hospital,TQ 769 676,FM,
97.0,2FM,RTE,"Contemporary, Adult",47,"NE Ireland, SE Northern Ireland",Clermont Carn,,FM,E2C0
97.0,Radio Kerry,Radio Kerry,"Adult, Oldies, I&C, Talk",20,Central and East County Kerry,Mullaghanish,,FM,E3C1
97.1,Radio 1,BBC,"New Music, Contemporary",16,Channel Islands,Les Platons,CI 925 273,FM,C201
97.1,Capital (NW & Wales),Global Radio,Contemporary,1,Wirral and North East Clywd,Storeton,SJ 314 841,FM,C6C0
97.1,Radio Carmarthenshire,Nation,"Adult, Oldies",2.91,Carmarthenshire,Carmel,SN 576 153,FM,CCDC
97.1,Downtown Radio,Bauer,"Oldies, Adult",0.08,"Larne, Northern Ireland",Larne,ID 395 037,FM,C4B6
97.1,Greatest Hits Radio,Bauer,Oldies,0.275,"Haslemere area, Surrey",Haslemere,SU 886 331,FM,C2D4
97.1,Greatest Hits Radio,Bauer,Oldies,0.05,"Penistone area, South Yorks",Penistone,SE 259 045,FM,C2D4
97.1,Heart East,Global Radio,Pop Hits from 90s to present,3.4,South and East Suffolk,Foxhall Heath,TM 212 445,FM,C9C8
97.1,Heart South West,Global Radio,Pop Hits from 90s to present,0.4,Yeovil area,Chedington,ST 501 050,FM,C5C8
97.1,Hits Radio (North East),Bauer,"Contemporary, 10s, 00s",10,"Tyneside, N Durham, S Nthmb",Burnhope,NZ 184 474,FM,C7D2
97.1,Hits Radio (North East),Bauer,"Contemporary, 10s, 00s",0.015,Tyne Tunnel,Tyne Tunnel,NZ 330 659,FM,C7D2
97.1,Faza AWP,Community,Asian,0.04,Nottingham,Forest Road East,SK 582 428,FM,
97.1,Radio Lab,Community,Mixed Format,0.025,Luton,Luton,TL 075 211,FM,
97.1,MWR FM,Irish Ind,"Adult, I&C, Talk",2,North West Mayo,Achill,,FM,E8C1
97.1,MWR FM,Irish Ind,"Adult, I&C, Talk",0.05,"Castlebar, County Mayo",Moneenbradagh,,FM,E8C1
97.1,Tipp FM,Irish Ind,"Adult, Oldies, Talk",5,South County Tipperary,Scrothea,,FM,E2C1
97.1,Tipp FM,Irish Ind,"Adult, Oldies, Talk",0.1,"Roscrea, NE Co. Tipperary",Roscrea,,FM,E2C1
97.2,Greatest Hits Radio,Bauer,Oldies,0.625,Dorchester & Weymouth,Bincombe Hill,SY 678 857,FM,C2D4
97.2,Greatest Hits Radio,Bauer,Oldies,0.6,Harrogate area,Harlow Hill,SE 288 542,FM,C2D4
97.2,Heart South West,Global Radio,Pop Hits from 90s to present,0.7,Swindon area & Cirencester,Blunsdon,SU 143 900,FM,C5C8
97.2,Hits Radio (West),Bauer,"Contemporary, 10s, 00s",0.3,Bristol,Pur Down,ST 610 764,FM,C5D2
97.2,Hits Radio (West Midlands),Bauer,"Contemporary, 10s, 00s",2,Wolverhampton area,Turners Hill,SO 969 887,FM,C4D2
97.2,Manx Radio FM,Independent,Mixed Format,11.8,South and East IOM,Carnane,SC 372 746,FM,C2A0
97.2,Smooth Radio (East Midlands),Communicorp,"Oldies, Easy Listening",0.115,"Wellingborough area, Northants",Irchester,SP 927 647,FM,C4D4
97.2,Q Radio,Northern Media,Adult,0.31,Coleraine area,Maddybenny More,IC 847 376,FM,C6B6
97.2,Cam FM,Community,New Music,0.025,Cambridge,Cambridge Univ Library,TL 441 584,FM,
97.2,Coast FM,Community,Mixed Format,0.1,"St Just, Cornwall",Lands End Radio Station,SW 379 308,FM,C7A5
97.2,Hive FM,Community,Mixed Format,0.05,"Grantham, Lincolnshire",Grantham Totemic House,SK 911 343,FM,
97.2,Radio Reverb,Community,Mixed Format,0.07,Brighton,Brighton Racecourse,TQ 330 050,FM,
97.2,Wythenshawe FM,Community,Mixed Format,0.05,"Wynthenshawe, Manchester",Wythenshawe,SJ 827 871,FM,
97.2,Classic Hits Radio,"Bay BroadcastingOldies,","Easy, Talk",0.25,"Youghal, Co Cork",Monatrrea,,FM,EFC1
97.2,Galway Bay FM,Irish Ind,"Adult, Talk",0.05,"Gort, County Galway",Gort,,FM,E4C1
97.2,Radio Kerry,Irish Ind,"Adult, Oldies, I&C, Talk",0.5,"Tralee area, County Kerry",Sliabh Mish,,FM,E3C1
97.2,Shannonside 104 FM,Radio Kerry,"Adult, Oldies, I&C, Talk",0.5,Central Leitrim & NW Cavan,Slieve Anierin,,FM,E1C2
97.3,Forth 1,Bauer,"Contemporary, 10s, 00s",6.9,Lothian and Fife,Craigkelly,NT 233 872,FM,C5B3
97.3,Heart South West,Global Radio,Pop Hits from 90s to present,0.1,"Ilfracombe area, Devon",Ilfracombe,SS 507 465,FM,C5C8
97.3,LBC,Global Radio,Talk,4,London area,Croydon,TQ 332 696,FM,C2C2
97.3,Apple FM,Community,Mixed Format,0.025,Taunton,Musgrave Park Hospital,ST 215 241,FM,
97.3,BGFM,Community,Mixed Format,0.05,Blaenau Gwent,Brynmawr,SO 190 123,FM,
97.3,Kohinoor FM,Community,Asian,0.048,Leicester,Leicester,SK 610 043,FM,
97.3,Moorlands Radio,Community,Mixed Format,0.025,"Leek, Staffordshire",Leek - Stockwell Villas,SJ 985 568,FM,
97.3,KFM,Irish Ind,"Soft, Talk",3,"S Kildare, E Laois, N Carlow",Rossmore,,FM,E5C2
97.4,Capital (South Wales),Communicorp,Contemporary,0.5,Newport area,Christchurch,ST 353 896,FM,CCC0
97.4,Cool FM,Bauer,"Contemporary, 10s, 00s",3.2,East & Central Northern Ireland,Black Mountain,IJ 278 727,FM,C5B6
97.4,Greatest Hits Radio,Bauer,Oldies,0.24,"Southwold area, Suffolk",Blythburgh,TM 453 752,FM,C2D4
97.4,Greatest Hits Radio,Bauer,Oldies,0.05,Great Yarmouth,Great Yarmouth,TG 520 076,FM,C2D4
97.4,Greatest Hits Radio,Bauer,Oldies,0.025,"Stamford area, Lincs",New Stamford College,TF 035 078,FM,C2D4
97.4,Greatest Hits Radio,Bauer,Oldies,0.125,"N Dorset, SW Wilts, SE Somerset",Shaftesbury,ST 864 235,FM,C2D4
97.4,Heart East,Global Radio,Pop Hits from 90s to present,0.1,"Haverhill, Suffolk",Haverhill,TL 662 449,FM,C9C8
97.4,Heart East,Global Radio,Pop Hits from 90s to present,0.004,"Newmarket, Suffolk",Icewell Hill,TL 640 635,FM,C9C8
97.4,Heart South,Global Radio,Pop Hits from 90s to present,0.3,Banbury & Brackley area,Farthinghoe,SP 532 387,FM,C4C8
97.4,Hits Radio (Lancashire),Bauer,"Contemporary, 10s, 00s",2,"West, South & Central Lancs",Winter Hill,SD 660 144,FM,C6D2
97.4,Hits Radio (South Yorkshire),Bauer,"Contemporary, 10s, 00s",0.4,Sheffield,"Tapton Hill, Sheffield",SK 324 870,FM,CAD2
97.4,Moray Firth Radio (Inverness),Bauer,"Contemporary, 10s, 00s",10,Inverness & Moray Firth area,Mounteagle,NH 639 580,FM,C8B3
97.4,Canterbury Student Radio,Community,New Music,0.025,Canterbury,Eliot College,TR 141 596,FM,
97.4,Coast and County Radio,Community,Mixed Format,0.05,Scarborough,Oliver's Mount B,TA 040 870,FM,CCA5
97.4,Dunoon Community Radio,Community,Mixed Format,0.025,"Dunoon, Argyll",Dunoon,NS 173 765,FM,
97.4,Classic Hits Radio,"Bay BroadcastingOldies,","Easy, Talk",2,North County Cork,Bweeng,,FM,EFC1
97.4,Classic Hits Radio,"Bay BroadcastingOldies,","Easy, Talk",1,"Cobin & Monkstown, Co Cork",Carrigaline,,FM,EFC1
97.4,Galway Bay FM,Irish Ind,"Adult, Talk",0.1,East County Galway,Redmount Hill,,FM,E4C1
97.4,Galway Bay FM,Irish Ind,"Adult, Talk",0.1,"Connemara, County Galway",Seanafaistin,,FM,E4C1
97.4,98FM,Bauer (Ireland),Adult,0.1,"Balbriggan, North Co Dublin",Strifeland,,FM,E7C0
97.5,Radio Carmarthenshire,Nation,"Adult, Oldies",0.02,Carmarthen,Carmarthen,SN 412 213,FM,CCDC
97.5,Radio Carmarthenshire,Nation,"Adult, Oldies",0.2,Llanelli,Llanelli,SN 510 023,FM,CCDC
97.5,Clyde 1,Bauer,"Contemporary, 10s, 00s",0.15,"Girvan, Ayrshire",Girvan,NX 211 981,FM,C4B3
97.5,Heart East,Global Radio,Pop Hits from 90s to present,0.1,"Southend, Essex",Southend Telephone Exch,TQ 874 859,FM,C9C8
97.5,Heart South,Global Radio,Pop Hits from 90s to present,0.85,Portsmouth area,Fort Widley,SU 657 065,FM,C4C8
97.5,Heart South,Global Radio,Pop Hits from 90s to present,0.03,Horsham,Horsham,TQ 176 307,FM,C4C8
97.5,Heartland FM,Independent,Mixed Music,0.115,"Pitlochry & Aberfeldy, Perthshire",Faire Mhor,NN 993 583,FM,C5A4
97.5,Hits Radio (West Yorkshire),Bauer,"Contemporary, 10s, 00s",0.5,Bradford area,Idle,SE 163 374,FM,CAD2
97.5,Smooth Radio (North East),Communicorp,"Oldies, Easy Listening",9,"Tyneside, N Durham, S Nthmb",Burnhope,NZ 184 474,FM,C7D4
97.5,Kemet Radio,Community,Rhythmic Music,0.025,Nottingham,Nottingham,SK 560 407,FM,
97.5,Marlow FM,Community,Mixed Format,0.025,"Marlow, Bucks",Marlow,SU 859 858,FM,
97.5,Rhondda Community Radio,Community,Mixed Format,0.025,"Ferndale, South Wales",Ferndale Shooting Club,ST 007 970,FM,
97.5,Somer Valley FM,Community,Mixed Format,0.05,"Midsomer Norton, Somerset",Clandown,ST 681 563,FM,
97.5,Northern Sound,Radio Kerry,"Adult, Oldies, I&C, Talk",0.2,Carrickmacross & Kingscourt,Carrickmacross,,FM,C8A5
97.5,WLR FM,Irish Ind,"Adult, Oldies, Talk",10,East County Waterford,Carrickpherish,,FM,EFC0
97.5,WLR FM,Irish Ind,"Adult, Oldies, Talk",0.02,"Ballymacarbry, NE Waterford",Ballymacarbry,,FM,EFC0
97.6,Radio Kent,BBC,Mixed Format,0.1,Folkestone area,Folkestone,TR 229 382,FM,CE12
97.6,Forth 1,Bauer,"Contemporary, 10s, 00s",0.1,West Lothian,Black Hill,NS 828 647,FM,C5B3
97.6,Greatest Hits Radio,Bauer,Oldies,0.025,Scunthorpe area,Trent View Flats,SE 882 092,FM,C2D4
97.6,Heart East,Global Radio,Pop Hits from 90s to present,1,"NW & C Herts, S Beds, E Bucks",Zouches Farm,TL 044 210,FM,C9C8
97.6,Hits Radio (West Midlands),Bauer,"Contemporary, 10s, 00s",0.8,Herefordshire,Ridge Hill,SO 630 333,FM,C4D2
97.6,Northsound One,Bauer,"Contemporary, 10s, 00s",0.025,Aberdeen,Balgownie,NJ 927 104,FM,C7B3
97.6,Q Radio,Northern Media,Adult,0.031,"Ballycastle, Northern Ireland",Drumeeny,ID 124 396,FM,C6B6
97.6,KFM,Irish Ind,"Soft, Talk",1,North and East County Kildare,Slieve Thule,,FM,E5C2
97.6,Radio Kerry,Radio Kerry,"Adult, Oldies, I&C, Talk",2,North County Kerry,Knockanore,,FM,E3C1
97.6,Radio Kerry,Radio Kerry,"Adult, Oldies, I&C, Talk",0.2,"Dingle, County Kerry",Lispole,,FM,E3C1
97.7,Radio 1,BBC,"New Music, Contemporary 250.000",,N Cumbria & S W Scotland,Sandale,NY 266 398,FM,C201
97.7,Radio 1,BBC,"New Music, Contemporary 160.000",,Devon and East Cornwall,North Hessary Tor,SX 578 742,FM,C201
97.7,Radio 1,BBC,"New Music, Contemporary",5,North East Essex & South Suffolk,Manningtree,TM 123 295,FM,C201
97.7,Radio 1,BBC,"New Music, Contemporary",2,North Uist,Clettraval,NF 751 716,FM,C201
97.7,Radio 1,BBC,"New Music, Contemporary",4,West Surrey and NE Hampshire,Guildford,SU 975 486,FM,C201
97.7,Radio 1,BBC,"New Music, Contemporary",0.5,Hastings,Hastings,TQ 807 100,FM,C201
97.7,Radio 1,BBC,"New Music, Contemporary",0.08,North Islay,Bowmore,NR 318 590,FM,C201
97.7,Radio 1,BBC,"New Music, Contemporary",0.05,"Deiniolen & Llanberis, Gwynedd",Deiniolen,SH 576 621,FM,C201
97.7,Radio 1,BBC,"New Music, Contemporary",0.05,"Grantham, Lincolnshire",Grantham,SK 905 337,FM,C201
97.7,Radio 1,BBC,"New Music, Contemporary",0.025,"Ballachulish, Highland",Ballachulish,NN 059 593,FM,C201
97.7,Radio 1,BBC,"New Music, Contemporary",0.01,Cirencester,Cirencester Town,SP 023 021,FM,C201
97.7,Radio 1,BBC,"New Music, Contemporary",0.01,"Portree, Skye",Penifiler,NG 489 417,FM,C201
97.7,Radio 1,BBC,"New Music, Contemporary",0.182,"Ffestiniog area, Gwynedd",Ffestiniog,SH 709 392,FM,C201
97.7,Radio 1,BBC,"New Music, Contemporary",0.014,"Mallaig, Highland",Mallaig,NM 676 965,FM,C201
97.7,Radio 1,BBC,"New Music, Contemporary",0.005,"Llanidloes, Powys",Llanidloes,SN 948 844,FM,C201
97.7,Radio X,Global Radio,Modern Rock,1,Greater Manchester,Sunley Building,SJ 844 983,FM,C2C3
97.7,Penistone Community Radio,Community,Mixed Format,0.025,"Stocksbridge, South Yorks",Wortley,SK 308 994,FM,
97.7,Dundalk FM,Irish Community,Mixed Format,0.125,Dundalk,Dundalk,,FM,
97.8,Radio 1,BBC,"New Music, Contemporary",1,"Burnley & Colne Valley, Lancs",Pendle Forest,SD 825 384,FM,C201
97.8,Radio 1,BBC,"New Music, Contemporary",0.5,Moray,Knock More,NJ 321 497,FM,C201
97.8,Radio 1,BBC,"New Music, Contemporary",0.1,"Nailsworth & Stroud, Gloucs",Nailsworth,ST 849 990,FM,C201
97.8,Radio 1,BBC,"New Music, Contemporary",0.1,Newbury & West Berkshire,Newbury,SU 494 687,FM,C201
97.8,Radio 1,BBC,"New Music, Contemporary",0.032,"Calne, Wiltshire",Calne,ST 997 699,FM,C201
97.8,Radio 1,BBC,"New Music, Contemporary",0.01,"Vale of Neath, South Wales",Rheola,SN 841 061,FM,C201
97.8,Radio 1,BBC,"New Music, Contemporary",0.01,"Betws-y-Coed, Llanrwst, N Wales",Betws-y-Coed,SH 825 582,FM,C201
97.8,Croydon FM,Community,Rhythmic Music,0.053,Croydon and South London,Croydon,TQ 332 696,FM,
97.8,Gateway FM,Community,Mixed Format,0.2,"Basildon, Essex",Basildon University Hosp,TQ 701 873,FM,
97.8,Gaydio,Community,LGBTQ+,0.05,Brighton,Brighton Race Course,TQ 330 050,FM,CCA5
97.8,LDC Radio,Community,Dance Music,0.1,Leeds,Leeds Birnsall Grange,SE 270 335,FM,
97.8,Lyric FM,RTE,"Classical, Jazz 125.000",,North West Ireland,Truskmore,,FM,E3C0
97.8,Lyric FM,RTE,"Classical, Jazz",2.4,South East County Cork,Crosshaven,,FM,E3C0
97.8,NOS Radio 2,NOS,"Dutch Adult, Oldies, Easy",50,"Zeeland, Netherlands (4)","Philippine, Netherlands",,FM,2202
97.8,France Culture,Radio France,French Talk 170.000,,"West Bretagne, France (3)","Brest, France",,FM,F204
97.9,Radio 1,BBC,"New Music, Contemporary 109.900",,Midlands,Sutton Coldfield,SK 113 003,FM,C201
97.9,Radio 1,BBC,"New Music, Contemporary",43,Shetland Islands,Bressay,HU 503 387,FM,C201
97.9,Radio 1,BBC,"New Music, Contemporary",17,"Dundee, Angus and North Fife",Forfar,NO 482 409,FM,C201
97.9,Radio 1,BBC,"New Music, Contemporary",0.25,"Barmouth area, Gwynedd",Llwyn Onn,SH 625 175,FM,C201
97.9,Radio 1,BBC,"New Music, Contemporary",0.2,Ness of Lewis,Ness of Lewis,NB 533 603,FM,C201
97.9,Radio 1,BBC,"New Music, Contemporary",0.2,"Patna & Dalmellington, Ayrshire",Lethanhill,NS 438 105,FM,C201
97.9,Radio 1,BBC,"New Music, Contemporary",0.05,"Ullapool, Highland",Ullapool,NH 142 935,FM,C201
97.9,Radio 1,BBC,"New Music, Contemporary",0.05,"Trowbridge area, Wiltshire",Westwood,ST 817 598,FM,C201
97.9,Radio 1,BBC,"New Music, Contemporary",0.064,"Windermere & Ambleside, Cmb",Windermere,SD 383 980,FM,C201
97.9,Radio 1,BBC,"New Music, Contemporary",0.05,Dumbarton & Alexandria,Millburn Muir,NS 378 796,FM,C201
97.9,Radio 1,BBC,"New Music, Contemporary",0.032,"Warrenpoint, Northern Ireland",Rostrevor Forest,IJ 189 176,FM,C201
97.9,Radio 1,BBC,"New Music, Contemporary",0.1,"Wensleydale, North Yorks",Wensleydale,SD 992 907,FM,C201
97.9,Lyric FM,RTE,"Classical, Jazz",3,South West County Cork,Castletownbere,,FM,E3C0
97.9,Lyric FM,RTE,"Classical, Jazz",2.5,NE Donegal & North N Ireland,Moville,,FM,E3C0
97.9,Lyric FM,RTE,"Classical, Jazz",1,SE Tipperary & N Waterford,Clonmel,,FM,E3C0
97.9,Lyric FM,RTE,"Classical, Jazz",0.05,Waterford City,Gallows Hill,,FM,E3C0
98.0,Radio 1,BBC,"New Music, Contemporary",11,Isle of Man,Douglas,SC 373 746,FM,C201
98.0,Radio 1,BBC,"New Music, Contemporary",3,Carmarthenshire,Carmel,SN 576 153,FM,C201
98.0,Radio 1,BBC,"New Music, Contemporary",0.4,"Campbeltown, Argyll",Campbeltown,NR 707 172,FM,C201
98.0,Radio 1,BBC,"New Music, Contemporary",0.1,"Colwyn Bay area, North Wales",Penmaen Rhos,SH 877 779,FM,C201
98.0,Radio 1,BBC,"New Music, Contemporary",0.064,"Otley & Ilkley area, W Yorks",Wharfedale,SE 198 485,FM,C201
98.0,Radio 1,BBC,"New Music, Contemporary",0.025,"Hebden Bridge, West Yorks",Hebden Bridge,SD 988 267,FM,C201
98.0,Radio 1,BBC,"New Music, Contemporary",0.025,"Purley & Coulsdon, London",Kenley,TQ 329 592,FM,C201
98.0,Radio 1,BBC,"New Music, Contemporary",0.03,"Ebbw Vale & Tredegar, S Wales",Ebbw Vale,SO 159 088,FM,C201
98.0,Radio 1,BBC,"New Music, Contemporary",0.02,"Peebles, Border Region",Peebles,NT 228 416,FM,C201
98.0,Radio 1,BBC,"New Music, Contemporary",0.01,"Porth area, South Wales",Porth,ST 029 919,FM,C201
98.0,Radio 1,BBC,"New Music, Contemporary",0.01,"Walsden, West Yorkshire",Walsden South,SD 937 215,FM,C201
98.0,Three Counties Radio (Bucks),BBC,Mixed Format,0.181,High Wycombe area,High Wycombe,SU 856 942,FM,
98.0,Phoenix FM,Community,Mixed Format,0.052,"Brentwood, Essex",Brentwood Gibraltar H,TQ 593 918,FM,EBC2
98.0,Ujima Radio,Community,Rhythmic Music,0.025,Bristol,Bristol,ST 603 740,FM,
98.0,Lyric FM,RTE,"Classical, Jazz",3,"Casla, Galway",Casla,,FM,E3C0
98.0,Lyric FM,RTE,"Classical, Jazz",1,Mid Kerry,Knockmoyle,,FM,E3C0
98.0,France Culture,Radio France,French Talk 400.000,,"Nord Pas de Calais, France (1)","Lille, France",,FM,F204
98.1,Radio 1,BBC,"New Music, Contemporary 134.000",,North East England,Pontop Pike,NZ 147 527,FM,C201
98.1,Radio 1,BBC,"New Music, Contemporary",30,"Skye, Harris, East N & S Uist",Skriaig,NG 451 408,FM,C201
98.1,Radio 1,BBC,"New Music, Contemporary",1,North Devon,Barnstaple,SS 502 289,FM,C201
98.1,Radio 1,BBC,"New Music, Contemporary",0.57,"Largs, Rothesay, Clyde Mouth",Rothesay,NS 125 691,FM,C201
98.1,Radio 1,BBC,"New Music, Contemporary",0.04,Plymouth,Plympton,SX 531 555,FM,C201
98.1,Radio 1,BBC,"New Music, Contemporary",0.01,Bradford,Idle,SE 163 374,FM,C201
98.1,Radio 1,BBC,"New Music, Contemporary",0.01,Blaenavon & Abersychan,Blaenavon,SO 277 063,FM,C201
98.1,Radio 1,BBC,"New Music, Contemporary",0.01,"Cwmafan, South Wales",Cwmafan,SS 798 936,FM,C201
98.1,Bro Radio,Community,Mixed Format,0.025,"Barry, South Wales",Barry Avberry House,ST 110 687,FM,CCDF
98.1,Lyric FM,RTE,"Classical, Jazz",3,West County Waterford,Dungarvan,,FM,E3C0
98.1,98FM,Bauer (Ireland),Adult,10,Dublin Region,Three Rock,,FM,E7C0
98.2,Radio 1,BBC,"New Music, Contemporary 250.000",,Central Southern England,Rowridge,SZ 447 865,FM,C201
98.2,Radio 1,BBC,"New Music, Contemporary",10,Milton Keynes and West Beds,Bow Brickhill,SP 914 342,FM,C201
98.2,Radio 1,BBC,"New Music, Contemporary",10,Herefordshire & NE Gloucs,Ridge Hill,SO 630 333,FM,C201
98.2,Radio 1,BBC,"New Music, Contemporary",4,"West, South & Central Lancs",Winter Hill,SD 660 144,FM,C201
98.2,Radio 1,BBC,"New Music, Contemporary",1,"Fort Augustus area, Highland",Fort Augustus,NH 361 049,FM,C201
98.2,Radio 1,BBC,"New Music, Contemporary",0.2,"Penicuik, Lothian",Penicuik,NT 229 597,FM,C201
98.2,Radio 1,BBC,"New Music, Contemporary",0.05,Berwick- upon- Tweed,Berwick- upon- Tweed,NT 980 547,FM,C201
98.2,Radio 1,BBC,"New Music, Contemporary",0.01,"Llangeinor, Pontycymer, M Gm",Llangeinor,SS 905 886,FM,C201
98.2,Lyric FM,RTE,"Classical, Jazz",0.15,"Mitchelstown, County Cork",Mitchelstown,,FM,E3C0
98.3,Radio 1,BBC,"New Music, Contemporary 250.000",,Ceredigion & SW Gwynedd,Blaenplwyf,SN 569 756,FM,C201
98.3,Radio 1,BBC,"New Music, Contemporary 150.000",,Aberdeenshire,Meldrum,NJ 760 329,FM,C201
98.3,Radio 1,BBC,"New Music, Contemporary",31,Derry area,Londonderry,IC 404 176,FM,C201
98.3,Radio 1,BBC,"New Music, Contemporary",16,Lincolnshire & E Yorkshire,Belmont,TF 217 837,FM,C201
98.3,Radio 1,BBC,"New Music, Contemporary",4,South East Northern Ireland,Camlough,IJ 055 246,FM,C201
98.3,Radio 1,BBC,"New Music, Contemporary",1,South West Stirlingshire,Ben Gullipen,NN 598 045,FM,C201
98.3,Radio 1,BBC,"New Music, Contemporary",0.1,Folkestone area,Folkestone,TR 229 382,FM,C201
98.3,Radio 1,BBC,"New Music, Contemporary",0.084,West Halifax,Luddenden,SE 048 248,FM,C201
98.3,Radio 1,BBC,"New Music, Contemporary",0.07,"Okehampton, Devon",Okehampton,SX 586 967,FM,C201
98.3,Radio 1,BBC,"New Music, Contemporary",0.04,Abergavenny & Usk Valley,Abergavenny,SO 244 126,FM,C201
98.3,Radio 1,BBC,"New Music, Contemporary",0.04,"Kirkconnel & Sanquhar, D & G",Kirkconnel,NS 746 150,FM,C201
98.3,Radio 1,BBC,"New Music, Contemporary",0.064,"Wigtown Bay area, D & G",Cambret Hill,NX 524 578,FM,C201
98.3,Radio 1,BBC,"New Music, Contemporary",0.05,"Corran and Onich, Highland",Ardgour,NM 989 626,FM,C201
98.3,Lyric FM,RTE,"Classical, Jazz",2.5,"Bantry, SW County Cork",Bantry,,FM,E3C0
98.3,Lyric FM,RTE,"Classical, Jazz",0.1,"Dunquin, Kerry",Maamclassach,,FM,E3C0
98.3,UCC 98.3,Irish Student,New Music,0.2,Cork City,Farmer's Cross,,FM,
98.3,France Culture,Radio France,French Talk 100.000,,"East Bretagne, France (3)","Rennes, France",,FM,F204
98.4,Radio 1,BBC,"New Music, Contemporary",0.79,Torbay,Beacon Hill,SX 857 620,FM,C201
98.4,Radio 1,BBC,"New Music, Contemporary",0.2,"Bodmin area, Cornwall",Penaligon Downs,SX 026 683,FM,C201
98.4,Radio 1,BBC,"New Music, Contemporary",0.125,West Berkshire & East Wilts,Membury,SU 307 763,FM,C201
98.4,Radio 1,BBC,"New Music, Contemporary",0.1,"Ballycastle, Northern Ireland",Ballycastle,ID 077 423,FM,C201
98.4,Radio 1,BBC,"New Music, Contemporary",0.06,Isles of Scilly,Isles of Scilly,SV 911 124,FM,C201
98.4,Radio 1,BBC,"New Music, Contemporary",0.02,"Newtownabbey, N Ireland",Carnmoney Hill,IJ 336 829,FM,C201
98.4,Radio 1,BBC,"New Music, Contemporary",0.01,"Chippenham, Wiltshire",Chippenham,ST 914 751,FM,C201
98.4,Radio 1,BBC,"New Music, Contemporary",0.018,"Strachur & Inveraray, Strathcl",Strachur,NN 094 027,FM,C201
98.4,Radio 1,BBC,"New Music, Contemporary",0.006,"Rhondda Valley, South Wales",Ton Pentre,SS 960 955,FM,C201
98.4,Energy FM,Independent,Contemporary,0.04,"Ramsay, Isle of Man",Ramsay,SC 449 945,FM,C3A0
98.4,Amber Sound,Community,Mixed Format,0.025,"Belper, Amber Valley, Derbys",Belper King Street,SK 350 475,FM,
98.4,Bro Radio,Community,Mixed Format,0.05,"St Athan and Roose, South Wales",St Athan Community Cent,ST 013 679,FM,CCDF
98.4,Pulse FM,Community,Mixed Format,0.025,,"St Luke's School, BarrheadNS",506 577,FM,
98.4,Lyric FM,RTE,"Classical, Jazz 120.000",,West Ireland,Maghera,,FM,E3C0
98.4,Lyric FM,RTE,"Classical, Jazz",0.1,"Falcarragh, Donegal",Magheroarty,,FM,E3C0
98.5,Radio 1,BBC,"New Music, Contemporary",16,"NE Wales, Merseyside, Cheshire",Llangollen,SJ 209 488,FM,C201
98.5,Radio 1,BBC,"New Music, Contemporary",4,London area,Crystal Palace,TQ 339 712,FM,C201
98.5,Radio 1,BBC,"New Music, Contemporary",5,"Oban area, Highland",Oban,NM 850 290,FM,C201
98.5,Radio 1,BBC,"New Music, Contemporary",1,"Keighley area, West Yorks",Keighley,SE 069 444,FM,C201
98.5,Radio 1,BBC,"New Music, Contemporary",0.26,Cambridge area,"Madingley, Cambridge",TL 392 594,FM,C201
98.5,Radio 1,BBC,"New Music, Contemporary",0.1,"Girvan, Ayrshire",Girvan,NX 211 981,FM,C201
98.5,Radio 1,BBC,"New Music, Contemporary",0.1,"Todmorden, West Yorks",Todmorden,SD 957 241,FM,C201
98.5,Radio 1,BBC,"New Music, Contemporary",0.124,Northampton,Northampton,SP 760 647,FM,C201
98.5,Radio 1,BBC,"New Music, Contemporary",0.033,"Chard, Somerset",Chard,ST 358 086,FM,C201
98.5,Radio 1,BBC,"New Music, Contemporary",0.048,"Swansea Valley, South Wales",Varteg Hill,SN 776 077,FM,C201
98.5,Radio 1,BBC,"New Music, Contemporary",0.007,Carmarthen,Carmarthen,SN 412 213,FM,C201
98.5,Radio 1,BBC,"New Music, Contemporary",0.01,"Brecon, Powys",Brecon,SO 030 299,FM,C201
98.5,BFBS (Edinburgh),Community,Contemp/Adult (for Army),0.02,Edinburgh,Edinburgh Garrison,NT 227 683,FM,
98.5,Lyric FM,RTE,"Classical, Jazz",2,County Monagahan,Monaghan,,FM,E3C0
98.5,Lyric FM,RTE,"Classical, Jazz",2.7,North Innishowen,Malin,,FM,E3C0
98.5,Transat FM,France,French,,"Boulogne, France (5)","Boulogne, France",,FM,
98.6,Radio 1,BBC,"New Music, Contemporary",5,"Teesside, S Durham, N Yorks",Bilsdale,SE 553 962,FM,C201
98.6,Radio 1,BBC,"New Music, Contemporary",0.964,Perth area,Kirkton Mailer,NO 102 210,FM,C201
98.6,Radio 1,BBC,"New Music, Contemporary",0.4,Chesterfield,Chesterfield,SK 383 764,FM,C201
98.6,Radio 1,BBC,"New Music, Contemporary",0.2,Swindon area,Blunsdon,SU 143 900,FM,C201
98.6,Radio 1,BBC,"New Music, Contemporary",0.065,South Islay,Port Ellen,NR 338 452,FM,C201
98.6,Radio 1,BBC,"New Music, Contemporary",0.1,"Kendal, Cumbria",Kendal,SD 540 912,FM,C201
98.6,Radio 1,BBC,"New Music, Contemporary",0.082,Bath,Bath,ST 769 654,FM,C201
98.6,Radio 1,BBC,"New Music, Contemporary",0.072,Gloucester & Cheltenham,Churchdown Hill,SO 880 188,FM,C201
98.6,Radio 1,BBC,"New Music, Contemporary",0.055,Exeter,St Thomas,SX 898 922,FM,C201
98.6,Radio 1,BBC,"New Music, Contemporary",0.01,"Abertillery, South Wales",Abertillery,SO 244 023,FM,C201
98.6,Radio 1,BBC,"New Music, Contemporary",0.01,"Croeserw, South Wales",Croeserw,SS 858 952,FM,C201
98.6,Radio 1,BBC,"New Music, Contemporary",0.01,"Minehead, Somerset",Minehead,SS 966 452,FM,C201
98.6,Angel Radio,Community,Nostalgia,0.2,"Portsmouth & Havant, Hampshire",Fort Widley,SU 657 065,FM,
98.6,Energy FM,Independent,Contemporary,2,South and East IOM,Carnane,SC 372 746,FM,C3A0
98.6,Hillz FM,Community,"Mixed Format, Rhythmic",0.05,Hillfields Coventry,Coventry Pioneer House,SP 341 797,FM,
98.6,Lyric FM,RTE,"Classical, Jazz",2.6,Mid Tipperary,Suir Valley,,FM,E3C0
98.6,Lyric FM,RTE,"Classical, Jazz",0.025,"Kinsale, Cork",Kinsale,,FM,E3C0
98.6,VRT Radio 2 (East Flanders),VRT,Flemish,50,"Flanders, Belgium (6)","Egem, Belgium",,FM,
98.7,Radio 1,BBC,"New Music, Contemporary",50,Border Region,Ashkirk,NT 470 244,FM,C201
98.7,Radio 1,BBC,"New Music, Contemporary",50,"E Lewis, N Skye & W Highland",Melvaig,NG 757 900,FM,C201
98.7,Radio 1,BBC,"New Music, Contemporary",2.8,Central Powys,Llandrindod Wells,SO 018 635,FM,C201
98.7,Radio 1,BBC,"New Music, Contemporary",0.2,West Dorset,Bridport,SY 453 915,FM,C201
98.7,Radio 1,BBC,"New Music, Contemporary",0.06,"Frome, Somerset",Egford Hill,ST 764 481,FM,C201
98.7,Radio 1,BBC,"New Music, Contemporary",0.05,"Conwy & Llandudno, N Wales",Conwy,SH 781 765,FM,C201
98.7,Radio 1,BBC,"New Music, Contemporary",0.05,"West Kilbride area, Ayrshire",West Kilbride,NS 215 483,FM,C201
98.7,Radio 1,BBC,"New Music, Contemporary",0.1,"Larne, Northern Ireland",Larne,ID 395 037,FM,C201
98.7,Radio 1,BBC,"New Music, Contemporary",0.008,"Llanfyllin, Powys",Llanfyllin,SJ 151 181,FM,C201
98.7,Radio 1,BBC,"New Music, Contemporary",0.004,"Combe Martin, Devon",Combe Martin,SS 582 462,FM,C201
98.7,Radio 1,BBC,"New Music, Contemporary",0.035,"Kingussie, Highland",Kingussie,NN 769 985,FM,C201
98.7,Radio Cardiff,Community,Rhythmic Music,0.025,Cardiff,Butetown,ST 187 752,FM,
98.7,Lyric FM,RTE,"Classical, Jazz",50,East Ireland,Kippure,,FM,E3C0
98.7,Lyric FM,RTE,"Classical, Jazz",0.08,"Dingle Peninsula, County Kerry",Ballydavid,,FM,E3C0
98.8,Radio 1,BBC,"New Music, Contemporary 250.000",,London & South East England,Wrotham,TQ 595 604,FM,C201
98.8,Radio 1,BBC,"New Music, Contemporary",0.1,"Chalford & Stroud, Gloucs",Chalford,SO 883 017,FM,C201
98.8,Radio 1,BBC,"New Music, Contemporary",0.05,"Pontypool & Cwmbran, S Wales",Pontypool,ST 284 990,FM,C201
98.8,Radio 1,BBC,"New Music, Contemporary",0.042,"Aberdare area, South Wales",Aberdare,SO 034 013,FM,C201
98.8,Radio 1,BBC,"New Music, Contemporary",0.05,Greenock & Firth of Clyde,Rosneath,NS 258 811,FM,C201
98.8,Radio 1,BBC,"New Music, Contemporary",0.01,"Ogmore Vale, South Wales",Ogmore Vale,SS 929 894,FM,C201
98.8,Radio 1,BBC,"New Music, Contemporary",0.5,"Pitlochry & Aberfeldy, Perthshire",Pitlochry,NN 923 565,FM,C201
98.8,Radio 1,BBC,"New Music, Contemporary",,"Dartford Tunnel, Kent-Essex",Dartford Tunnel,TQ 571 769,FM,C201
98.8,Spice FM,Community,Asian,0.025,Newcastle-upon-Tyne,"West Road, Newcastle",NZ 221 646,FM,
98.8,Lyric FM,RTE,"Classical, Jazz",4,East Donegal,Holywell Hill,,FM,E3C0
98.8,Lyric FM,RTE,"Classical, Jazz",4,Cork City and East County Cork,Spur Hill,,FM,E3C0
98.8,Lyric FM,RTE,"Classical, Jazz",0.04,North Kerry,Knockanore,,FM,E3C0
98.9,Radio 1,BBC,"New Music, Contemporary 250.000",,North West and Yorkshire,Holme Moss,SE 095 041,FM,C201
98.9,Radio 1,BBC,"New Music, Contemporary",41,Orkney Islands,Keelylang Hill,HY 378 102,FM,C201
98.9,Radio 1,BBC,"New Music, Contemporary",20,Pembrokeshire,Haverfordwest,SN 028 261,FM,C201
98.9,Radio 1,BBC,"New Music, Contemporary",1,South Uist,Daliburgh,NF 736 216,FM,C201
98.9,Radio 1,BBC,"New Music, Contemporary",1.3,Bristol,Ilchester Crescent,ST 577 700,FM,C201
98.9,Radio 1,BBC,"New Music, Contemporary",0.125,"Crieff area, Perthshire",Crieff,NN 814 200,FM,C201
98.9,Radio 1,BBC,"New Music, Contemporary",0.02,"Rhymney area, South Wales",Rhymney,SO 127 042,FM,C201
98.9,Radio 1,BBC,"New Music, Contemporary",4,"Fort William area, Highland",Fort William,NN 117 772,FM,C201
98.9,Radio 1,BBC,"New Music, Contemporary",2.2,"S Kapdale, E Islay, Jura",South Knapdale,NR 837 748,FM,C201
98.9,Forest FM,Community,Mixed Format,,"Ferndown area, Dorset",,,FM,CFA5
98.9,Lyric FM,RTE,"Classical, Jazz",4,Central Mayo,Castlebar,,FM,E3C0
98.9,Lyric FM,RTE,"Classical, Jazz",0.04,Athlone,Athlone,,FM,E3C0
98.9,NOS Radio 1,NOS,"Dutch News, Talk 100.000",,West Netherlands (4),"Lopik, Netherlands",,FM,
99.0,Radio 1,BBC,"New Music, Contemporary",9.8,Fermanagh and South Tyrone,Brougher Mountain,IH 350 527,FM,C201
99.0,Radio 1,BBC,"New Music, Contemporary",2.1,South East Aberdeenshire,Durris,NO 763 897,FM,C201
99.0,Radio 1,BBC,"New Music, Contemporary",0.1,"Porthmadog area, Gwynedd",Llandecwyn,SH 644 371,FM,C201
99.0,Radio 1,BBC,"New Music, Contemporary",0.1,"Hexham & Tyne Valley, Nthmb",Newton,NZ 036 653,FM,C201
99.0,Radio 1,BBC,"New Music, Contemporary",0.1,"Teignmouth area, Devon",Holcombe Down,SX 934 752,FM,C201
99.0,Radio 1,BBC,"New Music, Contemporary",0.04,"Weston-super-mare, Somerset",Hutton,ST 361 588,FM,C201
99.0,Radio 1,BBC,"New Music, Contemporary",0.12,"Machynlleth, Powys",Machynlleth,SH 723 003,FM,C201
99.0,Radio 1,BBC,"New Music, Contemporary",0.2,"Kilkeel, Northern Ireland",Kilkeel,IJ 281 180,FM,C201
99.0,Radio 1,BBC,"New Music, Contemporary",0.05,"Ventnor, Isle of Wight",Ventnor,SZ 567 783,FM,C201
99.0,Radio Guernsey,BBC,Mixed Format,0.025,Alderney,Fort Albert,CI 868 805,FM,C517
99.0,Lyric FM,RTE,"Classical, Jazz",2.3,Limerick city,"Woodcock H, Limerick",,FM,E3C0
99.0,Lyric FM,RTE,"Classical, Jazz",0.1,"Fermoy & Mitchelstown, Cork",Fermoy,,FM,E3C0
99.0,France Info,Radio France,French News,1,"Dunkerque, France (6)","Dunkerque, France",,FM,F202
99.1,Radio 1,BBC,"New Music, Contemporary",46,"Oxon, Bucks, Berks, S Midlands",Oxford,SP 567 105,FM,C201
99.1,Radio 1,BBC,"New Music, Contemporary",10,Ayrshire,Darvel,NS 557 341,FM,C201
99.1,Radio 1,BBC,"New Music, Contemporary",5,"Tobermory area, Highland",Glengorm,NM 465 565,FM,C201
99.1,Radio 1,BBC,"New Music, Contemporary",0.926,Swansea area,Kilvey Hill,SS 672 940,FM,C201
99.1,Radio 1,BBC,"New Music, Contemporary",0.2,South Devon,Salcombe,SX 753 398,FM,C201
99.1,Radio 1,BBC,"New Music, Contemporary",0.08,"Axminster & Seaton, Devon",Axe Valley,SY 283 945,FM,C201
99.1,Radio 1,BBC,"New Music, Contemporary",0.02,"Innerleithen, Border",Innerleithen,NT 325 368,FM,C201
99.1,Radio 1,BBC,"New Music, Contemporary",0.01,"Darwen, Lancashire",Darwen,SD 708 223,FM,C201
99.1,Radio 1,BBC,"New Music, Contemporary",0.005,"Newbridge area, South Wales",Pennar,ST 209 958,FM,C201
99.1,Lyric FM,RTE,"Classical, Jazz",1.2,West County Galway,Clifden,,FM,E3C0
99.1,Lyric FM,RTE,"Classical, Jazz",3,West Kerry,Kilkeaveragh,,FM,E3C0
99.1,Lyric FM,RTE,"Classical, Jazz",0.6,North East Wicklow,Greystones,,FM,E3C0
99.2,Radio 1,BBC,"New Music, Contemporary",20,Inverness & Moray Firth area,Rosemarkie,NH 762 623,FM,C201
99.2,Radio 1,BBC,"New Music, Contemporary",3.4,North Northern Ireland,Limavady,IC 711 296,FM,C201
99.2,Radio 1,BBC,"New Music, Contemporary",0.3,"Tiverton, Devon",Gogwell,SS 967 111,FM,C201
99.2,Radio 1,BBC,"New Music, Contemporary",0.012,"Bexhill, East Sussex",Bexhill,TQ 744 080,FM,C201
99.2,Radio 1,BBC,"New Music, Contemporary",0.1,"Whitby, North Yorkshire",Whitby,NZ 904 113,FM,C201
99.2,Radio 1,BBC,"New Music, Contemporary",0.032,"Blairgowrie & Rattray, Perthshire",Rosemount,NO 203 435,FM,C201
99.2,Radio 1,BBC,"New Music, Contemporary",0.01,"Ferndale, South Wales",Ferndale,ST 006 970,FM,C201
99.2,Radio 1,BBC,"New Music, Contemporary",0.01,"Llyswen area, Powys",Llyswen,SO 137 361,FM,C201
99.2,Radio 1,BBC,"New Music, Contemporary",0.01,"Whalley, Lancashire",Whalley,SD 729 352,FM,C201
99.2,Radio 1,BBC,"New Music, Contemporary",0.01,"Ludlow, Shropshire",Ludlow,SO 498 741,FM,C201
99.2,Radio 1,BBC,"New Music, Contemporary",0.06,"Keswick, Cumbria",Keswick Forest,NY 223 244,FM,C201
99.2,Radio 1,BBC,"New Music, Contemporary",0.048,"Welshpool, Powys",Long Mountain,SJ 265 057,FM,C201
99.2,Lyric FM,RTE,"Classical, Jazz 160.000",,South East Ireland,Mount Leinster,,FM,E3C0
99.2,Lyric FM,RTE,"Classical, Jazz",3,West Donegal,Aranmore,,FM,E3C0
99.2,RTL 2,France,French Dance,1,"Calais, France (6)","Calais, France",,FM,
99.3,Radio 1,BBC,"New Music, Contemporary 250.000",,Norfolk and Suffolk,Tacolneston,TM 131 958,FM,C201
99.3,Radio 1,BBC,"New Music, Contemporary",17.6,West Cornwall,Redruth,SW 690 394,FM,C201
99.3,Radio 1,BBC,"New Music, Contemporary",0.4,"Lampeter & Teifi Valley, Ceredigion",Mynydd Pencarreg,SN 577 430,FM,C201
99.3,Radio 1,BBC,"New Music, Contemporary",0.1,Eyemouth and Border coast,Eyemouth,NT 947 599,FM,C201
99.3,Radio 1,BBC,"New Music, Contemporary",0.1,"Whitehaven area, Cumbria",Whitehaven,NX 992 123,FM,C201
99.3,Radio 1,BBC,"New Music, Contemporary",0.095,"Upper Tame Valley, Gt Mancs",Saddleworth,SD 987 050,FM,C201
99.3,Radio 1,BBC,"New Music, Contemporary",0.18,"Weardale, County Durham",Weardale,NZ 025 384,FM,C201
99.3,Radio 1,BBC,"New Music, Contemporary",0.1,"Newhaven & Seaford, Sussex",Newhaven,TQ 435 006,FM,C201
99.3,Radio 1,BBC,"New Music, Contemporary",0.05,"Lyme Regis, Dorset",Lyme Regis,SY 345 935,FM,C201
99.3,Radio 1,BBC,"New Music, Contemporary",0.031,"Stranraer, D & G",Stranraer,NX 111 632,FM,C201
99.3,Radio 1,BBC,"New Music, Contemporary",0.025,"Leatherhead area, Surrey",Mickleham,TQ 163 538,FM,C201
99.3,Radio 1,BBC,"New Music, Contemporary",0.02,"Barnoldswick area, Lancs",Barnoldswick,SD 897 490,FM,C201
99.3,Radio 1,BBC,"New Music, Contemporary",0.02,"Cornholme, West Yorkshire",Cornholme,SD 918 264,FM,C201
99.3,Radio 1,BBC,"New Music, Contemporary",0.015,"Caterham, Surrey",Caterham,TQ 343 557,FM,C201
99.3,Radio 1,BBC,"New Music, Contemporary",0.01,"Kinlochleven, Highland",Kinlochleven,NN 178 630,FM,C201
99.3,Forest Gold Radio,Hospital RSL,Mixed Format,0.001,"Epping, Essex",St Margaret's Hospital,TL 468 028,FM,
99.3,Lyric FM,RTE,"Classical, Jazz",2.6,"Ballybofey, Donegal",Ballybofey,,FM,E3C0
99.3,Lyric FM,RTE,"Classical, Jazz",0.05,Cork City,Collins Barracks,,FM,E3C0
99.3,Lyric FM,RTE,"Classical, Jazz",0.04,"Lahinch, Clare",Lehinch,,FM,E3C0
99.4,Radio 1,BBC,"New Music, Contemporary",21,Anglesey & North Wales Coast,Llanddona,SH 582 810,FM,C201
99.4,Radio 1,BBC,"New Music, Contemporary",2,Isle of Lewis,Eitshal,NB 305 302,FM,C201
99.4,Radio 1,BBC,"New Music, Contemporary",1,Reading,Hemdean,SU 710 762,FM,C201
99.4,Radio 1,BBC,"New Music, Contemporary",1.2,"Matlock & Bakewell, Derbys",Stanton Moor,SK 246 637,FM,C201
99.4,Radio 1,BBC,"New Music, Contemporary",0.2,Leeds,Beecroft Hill,SE 237 350,FM,C201
99.4,Radio 1,BBC,"New Music, Contemporary",0.042,"West Tyneside, Tyne & Wear",Fenham,NZ 216 648,FM,C201
99.4,Radio 1,BBC,"New Music, Contemporary",0.05,"Llanrhaeadr ym Mochnant, Powys",Llanrhaeadr ym Moch.,SJ 174 260,FM,C201
99.4,Radio 1,BBC,"New Music, Contemporary",0.013,"Salisbury, Wiltshire",Salisbury,SU 136 285,FM,C201
99.4,Radio 1,BBC,"New Music, Contemporary",0.005,"Dartmouth area, Devon",Kingswear,SX 887 511,FM,C201
99.4,Radio 1,BBC,"New Music, Contemporary",0.72,"Speyside, Highland",Grantown,NJ 003 267,FM,C201
99.4,Ambur Radio,Community,Asian,0.1,Walsall,Walsall Townend House,SP 011 987,FM,
99.4,Croydon FM,Community,Rhythmic Music,,Croydon and South London,,,FM,
99.4,Lyric FM,RTE,"Classical, Jazz",10,Co Longford and North Midlands,Cairn Hill,,FM,E3C0
99.4,Lyric FM,RTE,"Classical, Jazz",5,North Donegal,Fanad,,FM,E3C0
99.5,Radio 1,BBC,"New Music, Contemporary 250.000",,Central Scotland,Black Hill,NS 828 647,FM,C201
99.5,Radio 1,BBC,"New Music, Contemporary 250.000",,South Wales & West England,Wenvoe,ST 110 742,FM,C201
99.5,Radio 1,BBC,"New Music, Contemporary",11,East Kent,Swingate,TR 334 429,FM,C201
99.5,Radio 1,BBC,"New Music, Contemporary",0.32,Sheffield,"Tapton Hill, Sheffield",SK 324 870,FM,C201
99.5,Radio 1,BBC,"New Music, Contemporary",0.25,"Scarborough area, N Yorks",Oliver's Mount,TA 040 869,FM,C201
99.5,Radio 1,BBC,"New Music, Contemporary",0.083,"Haslingden area, Lancs",Haslingden,SD 795 236,FM,C201
99.5,Radio 1,BBC,"New Music, Contemporary",0.05,"Ivybridge, Devon",Ivybridge,SX 631 538,FM,C201
99.5,Lyric FM,RTE,"Classical, Jazz",4.3,North West Mayo,Achill,,FM,E3C0
99.6,Radio 1,BBC,"New Music, Contemporary",10,South Cumbria & NW Lancs,Morecambe Bay,SD 239 791,FM,C201
99.6,Radio 1,BBC,"New Music, Contemporary",5,Thirsk & Northallerton area,Woolmoor,SE 457 881,FM,C201
99.6,Radio 1,BBC,"New Music, Contemporary",0.13,"Weymouth, Dorset",Weymouth,SY 663 779,FM,C201
99.6,Radio 1,BBC,"New Music, Contemporary",0.1,"Buxton, Derbyshire",Buxton,SK 060 753,FM,C201
99.6,Radio 1,BBC,"New Music, Contemporary",0.05,High Wycombe,High Wycombe,SU 856 942,FM,C201
99.6,Radio Panj,Community,Panjabi,0.02,Coventry,William Bachelor House,SP 334 796,FM,
99.6,Scout Radio,RSL,Mixed Format,0.001,"Chingford, NE London","Gilwell Park, Chingford",TQ 386 963,FM,
99.6,Lyric FM,RTE,"Classical, Jazz 150.000",,South West Ireland,Mullaghanish,,FM,E3C0
99.6,France Inter,Radio France,French Mixed format,50,"Basse Normandie, France (6)","Caen, France",,FM,F201
99.7,Radio 1,BBC,"New Music, Contemporary 123.600",,East & Central Northern Ireland,Divis,IJ 286 750,FM,C201
99.7,Radio 1,BBC,"New Music, Contemporary",40,"Cambs, Beds, S Lincs, E Nthnts",Peterborough,TL 127 913,FM,C201
99.7,Radio 1,BBC,"New Music, Contemporary",10,"Thurso & Wick area, Highland",Rumster Forest,ND 197 385,FM,C201
99.7,Radio 1,BBC,"New Music, Contemporary",5.6,North Northumberland,Chatton,NU 105 264,FM,C201
99.7,Radio 1,BBC,"New Music, Contemporary",0.6,Brighton and Worthing area,Whitehawk Hill,TQ 330 045,FM,C201
99.7,Radio 1,BBC,"New Music, Contemporary",0.02,Basingstoke,Basingstoke,SU 643 479,FM,C201
99.7,Radio 1,BBC,"New Music, Contemporary",0.1,"Marlborough area, Wilts",Marlborough,SU 209 688,FM,C201
99.7,Radio 1,BBC,"New Music, Contemporary",0.088,"Newcastle Emlyn area, Ceredigion",Llandyfriog,SN 348 412,FM,C201
99.7,Radio 1,BBC,"New Music, Contemporary",0.042,"Dee Valley, Aberdeenshire",Tullich,NO 379 984,FM,C201
99.7,Radio 1,BBC,"New Music, Contemporary",0.036,"Newtown, Powys",Llandinam,SO 050 877,FM,C201
99.7,Radio 1,BBC,"New Music, Contemporary",0.016,"Dolgellau, Gwynedd",Dolgellau,SH 727 185,FM,C201
99.7,Oldham FM,Community,Mixed Format,0.025,Oldham,Oldham,SD 923 051,FM,
99.8,Radio 1,BBC,"New Music, Contemporary",0.01,Hay on Wye area,Clyro,SO 204 432,FM,C201
99.8,Capital (North West),Global Radio,Contemporary,0.75,"Burnley, Nelson and Colne",Pendle Forest,SD 825 384,FM,C6C0
99.8,Nation Radio (Hull),Nation,Oldies,6.25,Hull area,Humber Bridge North Pier,TA 025 253,FM,
99.8,Awaaz FM,Community,Asian,0.044,Southampton,Midanbury,SU 447 142,FM,
99.8,KCC Live,Community,Mixed Format,0.025,"Knowsley, Merseyside",Knowsley,SJ 442 908,FM,
99.8,SHMU FM,Community,Mixed Format,0.025,Aberdeen,Stewart Park Court,NJ 917 082,FM,
99.8,NOS Radio 3,NOS,Dutch Contemporary,30,"Zeeland, Netherlands (4)","Goes, Netherlands",,FM,2203
99.9,Classic FM,Global Radio,Light Classical 250.000,,N Cumbria & S W Scotland,Sandale,NY 266 398,FM,C2E0
99.9,Greatest Hits Radio,Bauer,Oldies,0.5,Norwich area,Stoke Holy Cross,TG 258 026,FM,C2D4
99.9,WRFM,Community,Mixed Format,0.015,"Witney, Oxfordshire",Witney West,SP 334 105,FM,C9A5
99.9,East Coast Radio,Irish Ind,"Adult, Talk",0.3,North West Co Wicklow,Saggart,,FM,E7C1
99.9,Wired FM,Irish Student,New Music,0.2,Limerick,Meelick,,FM,
99.9,France Culture,Radio France,French Talk,1,"Boulogne and Calais, France (5)","Boulogne, France",,FM,F204
100.0,Classic FM,Global Radio,Light Classical 160.000,,Devon and East Cornwall,North Hessary Tor,SX 578 742,FM,C2E0
100.0,Heart Scotland,Global Radio,Pop Hits from 90s to present,0.1,Dumbarton & Alexandria,Millburn Muir,NS 378 796,FM,CBC8
100.0,Hits Radio,Bauer,"Contemporary, 10s, 00s",2,London area,Croydon,TQ 332 696,FM,C2D2
100.0,Today FM,Bauer (Ireland),"Adult, Talk 125.000",,North West Ireland,Truskmore,,FM,E5C0
100.0,Today FM,Bauer (Ireland),"Adult, Talk",1.9,South East County Cork,Crosshaven,,FM,E5C0
100.0,Today FM,Bauer (Ireland),"Adult, Talk",0.1,Drogheda,Drogheda,,FM,E5C0
100.1,Classic FM,Global Radio,Light Classical 250.000,,Midlands,Sutton Coldfield,SK 113 003,FM,C2E0
100.1,Classic FM,Global Radio,Light Classical,10.625,"Dundee, Angus and North Fife",Angus,NO 394 407,FM,C2E0
100.1,Smooth Lakes,Global Radio,"Oldies, Easy Listening",0.2,"Kendal, Cumbria",Kendal,SD 540 912,FM,C6D4
100.1,Radio Nova,Bay BroadcastingClassic,Rock,0.1,"Balbriggan, North Co Dublin",Strifeland,,FM,E1D0
100.1,Today FM,Bauer (Ireland),"Adult, Talk",2.3,NE Donegal & North N Ireland,Moville,,FM,E5C0
100.1,Today FM,Bauer (Ireland),"Adult, Talk",2,SE Tipperary & N Waterford,Clonmel,,FM,E5C0
100.1,Today FM,Bauer (Ireland),"Adult, Talk",0.05,Waterford City,Gallows Hill,,FM,E5C0
100.1,France Bleu Haute Normandie,Radio France,French Oldies 115.000,,"Haute Normandie, France (2)","Rouen, France",,FM,F242
100.1,VRT Radio 2 (West Flanders),VRT,Flemish,50,"Flanders, Belgium (6)","Egem, Belgium",,FM,
100.2,Classic FM,Global Radio,Light Classical,1,South and East Isle of Man,Douglas,SC 373 746,FM,C2E0
100.2,Classic FM,Global Radio,Light Classical,0.2,Bath,Bath,ST 769 654,FM,C2E0
100.2,Greatest Hits Radio,Bauer,Oldies,2,North East Essex,Clacton,TM 183 163,FM,C2D4
100.2,ABC,Community,Mixed Format,0.025,"Portadown, Northern Ireland",Portadown,IJ 034 547,FM,
100.2,Bro Radio,Community,Mixed Format,0.2,"Llantwit Major area, South Wales",Llantwit Major Rugby Club,SS 972 687,FM,CCDF
100.2,Cinque Ports Radio,Community,Mixed Format,0.15,"Romney Marsh, Kent",Ivychurch The Gardens,TR 029 277,FM,
100.2,GTFM,Community,Mixed Format,0.046,"Mountain Ash, South Wales",Mountain Ash GC,SO 038 003,FM,CCE0
100.2,Today FM,Bauer (Ireland),"Adult, Talk",1,Mid Kerry,Knockmoyle,,FM,E5C0
100.3,Classic FM,Global Radio,Light Classical 250.000,,Central Southern England,Rowridge,SZ 447 865,FM,C2E0
100.3,Classic FM,Global Radio,Light Classical 130.000,,North East England,Pontop Pike,NZ 147 527,FM,C2E0
100.3,Classic FM,Global Radio,Light Classical,0.5,Bradford,Idle,SE 163 374,FM,C2E0
100.3,Heart Scotland,Global Radio,Pop Hits from 90s to present,20,Glasgow and Clydeside area,Black Hill,NS 828 647,FM,CBC8
100.3,Radio Nova,Bay BroadcastingClassic,Rock,5,County Dublin and Meath,Three Rock,,FM,E1D0
100.3,Today FM,Bauer (Ireland),"Adult, Talk",3,West County Waterford,Cappoquinn,,FM,E5C0
100.4,Classic FM,Global Radio,Light Classical,10,Milton Keynes and West Beds,Bow Brickhill,SP 914 342,FM,C2E0
100.4,Classic FM,Global Radio,Light Classical,4.8,Herefordshire & Gloucester,Ridge Hill,SO 630 333,FM,C2E0
100.4,KM-FM,Kent Messenger,Contemporary,0.28,Medway towns,Gillingham,TQ 776 667,FM,C5DF
100.4,Smooth Radio (North West),Communicorp,"Oldies, Easy Listening",5,North West England,Winter Hill,SD 660 144,FM,C6D4
100.4,Radio Redhill,Hospital RSL,Mixed Music,,Redhill,East Surrey Hospital,TQ 285 482,FM,
100.4,Radio 6,France,French,,"Calais, France (6)","Calais, France",,FM,C8B5
100.5,Classic FM,Global Radio,Light Classical 150.000,,Aberdeenshire,Meldrum,NJ 760 329,FM,C2E0
100.5,Classic FM,Global Radio,Light Classical,31,Derry area,Londonderry,IC 404 176,FM,C2E0
100.5,Classic FM,Global Radio,Light Classical,7.3,"Pembrokeshire, W Carmarthens",Preseli,SN 172 306,FM,C2E0
100.5,Classic FM,Global Radio,Light Classical,6.4,Lincolnshire,Belmont,TF 217 837,FM,C2E0
100.5,Heart South West,Global Radio,Pop Hits from 90s to present,0.3,"Totnes area, Devon",Totnes,SX 795 598,FM,C5C8
100.5,Q Radio,Northern Media,Adult,1,South East Northern Ireland,Camlough,IJ 055 246,FM,C6B6
100.5,Q Radio,Northern Media,Adult,0.2,"Downpatrick, Northern Ireland",Downpatrick NI Water,IJ 499 447,FM,C6B6
100.5,Digital Hits One,Community,Mixed Format,0.2,North Somerset,Fry's Hill,ST 437 557,FM,
100.5,Radio Nova,Bay BroadcastingClassic,Rock,0.1,"East Kildare, NW Wicklow",Saggart,,FM,E1D0
100.6,Classic FM,Global Radio,Light Classical,2,"South, Central & West London",Crystal Palace,TQ 339 712,FM,C2E0
100.6,Sunrise Radio (Yorkshire),Sunrise,Asian,0.05,Halifax,Calderdale College,SE 084 248,FM,C9A5
100.6,Sunrise Radio (Yorkshire),Sunrise,Asian,0.025,Keighley,Keighley Middlemoor FarmSE,081 435,FM,C9A5
100.6,BFBS Northern Ireland,Community,Contemp/Adult (for Army),0.02,"Lisburn, Northern Ireland",Lisburn,IJ 262 659,FM,C261
100.6,Today FM,Bauer (Ireland),"Adult, Talk 120.000",,West Ireland,Maghera,,FM,E5C0
100.7,Classic FM,Global Radio,Light Classical,18.75,West and North Gwynedd,Arfon,SH 476 463,FM,C2E0
100.7,Heart North East,Global Radio,Pop Hits from 90s to present,9.55,"Teesside, S Durham, N Yorks",Bilsdale,SE 553 962,FM,C7C8
100.7,Heart West Midlands,Global Radio,Pop Hits from 90s to present,11,West Midlands region,Sutton Coldfield,SK 113 003,FM,CEC8
100.7,Hits Radio,Bauer,"Contemporary, 10s, 00s",0.754,S & Central Cambridgeshire,"Madingley, Cambridge",TL 392 594,FM,C2D2
100.7,Today FM,Bauer (Ireland),"Adult, Talk",2,County Monagahan,Monaghan,,FM,E5C0
100.7,Q Music,Netherlands,Dutch Adult 100.000,,West Netherlands (4),"Lopik, Netherlands",,FM,2256
100.7,Kestrel FM,France,French,,"Dunkerque, France (6)","Dunkerque, France",,FM,
100.8,Classic FM,Global Radio,Light Classical,0.72,Swindon,Blunsdon,SU 143 900,FM,C2E0
100.8,Greatest Hits Radio,Bauer,Oldies,0.108,"Porlock, Somerset",Porlock,SS 883 462,FM,C2D4
100.8,Heart South West,Global Radio,Pop Hits from 90s to present,0.1,"Dartmouth area, Devon",Dartmouth,SX 866 508,FM,C5C8
100.8,Smooth Lakes,Global Radio,"Oldies, Easy Listening",0.12,"Windermere & Ambleside, Cmb",Windermere,SD 383 980,FM,C6D4
100.8,CHBN,Community,Mixed Format,0.025,"Truro, Cornwall",Treliske,SW 798 453,FM,
100.8,Revival FM,Community,Christian,0.1,Cumbernauld & Kirkintilloch,Corrie Farm,NS 690 791,FM,
100.8,BFBS (Blandford),Community,Contemp/Adult (for Army),,"Bovington Camp, Dorset",Bovington Camp,SY 831 889,FM,C261
100.8,Today FM,Bauer (Ireland),"Adult, Talk",2.6,Mid Tipperary,Suir Valley,,FM,E5C0
100.8,Today FM,Bauer (Ireland),"Adult, Talk",0.02,"Kinsale, Cork",Kinsale,,FM,E5C0
100.9,Classic FM,Global Radio,Light Classical 250.000,,London & South East England,Wrotham,TQ 595 604,FM,C2E0
100.9,Classic FM,Global Radio,Light Classical,5.4,Border Region,Selkirk,NT 500 294,FM,C2E0
100.9,Classic FM,Global Radio,Light Classical,,"Dartford Tunnel, Kent-Essex",Dartford Tunnel,TQ 571 769,FM,C2E0
100.9,Today FM,Bauer (Ireland),"Adult, Talk",50,East Ireland,Kippure,,FM,E5C0
101.0,Classic FM,Global Radio,Light Classical,0.05,West Tyneside and Tyne Valley,Fenham,NZ 216 648,FM,C2E0
101.0,Hits Radio (West),Bauer,"Contemporary, 10s, 00s",40,South Wales & West England,Mendip,ST 563 488,FM,C5D2
101.0,BFBS Northern Ireland,Community,Contemp/Adult (for Army),0.025,"Holywood, Northern Ireland",Palace Barracks,IJ 392 777,FM,C261
101.0,RNIB Connect Radio,Community,Talk (Visually Impaired),0.025,West Glasgow,Glasgow,NS 547 688,FM,
101.0,Today FM,Bauer (Ireland),"Adult, Talk",4.5,East Donegal,Holywell Hill,,FM,E5C0
101.0,Today FM,Bauer (Ireland),"Adult, Talk",4,Cork City and East County Cork,Spur Hill,,FM,E5C0
101.0,Today FM,Bauer (Ireland),"Adult, Talk",0.04,North Kerry,Knockanore,,FM,E5C0
101.1,Classic FM,Global Radio,Light Classical 250.000,,North West and Yorkshire,Holme Moss,SE 095 041,FM,C2E0
101.1,Classic FM,Global Radio,Light Classical,10,Ceredigion,Blaenplwyf,SN 569 756,FM,C2E0
101.1,Heart Scotland,Global Radio,Pop Hits from 90s to present,10,Lothian and Fife,Craigkelly,NT 233 872,FM,CBC8
101.1,Heart Scotland,Global Radio,Pop Hits from 90s to present,0.1,Greenock & Firth of Clyde,Rosneath,NS 258 811,FM,CBC8
101.1,Q Radio,Northern Media,Adult,0.042,"Kilkeel, Northern Ireland",Kilkeel,IJ 281 180,FM,C6B6
101.1,Q Radio,Northern Media,Adult,0.113,"Newcastle, Northern Ireland",Tullybrannigan Road,IJ 360 319,FM,C6B6
101.1,Unity 101,Community,Asian,0.15,Southampton,Midanbury Broadway,SU 448 142,FM,
101.1,Wey Valley Radio,Community,Mixed Format,0.05,"Alton, Hampshire",Thadden Grange,SU 684 391,FM,
101.1,Today FM,Bauer (Ireland),"Adult, Talk",4,Central Mayo,Castlebar,,FM,E5C0
101.2,Heart North East,Global Radio,Pop Hits from 90s to present,0.2,"Hexham & Tyne Valley, Nthmb",Newton,NZ 036 653,FM,C7C8
101.2,Heart North East,Global Radio,Pop Hits from 90s to present,0.07,Sunderland,Hendon,NZ 409 556,FM,C7C8
101.2,Heart South West,Global Radio,Pop Hits from 90s to present,1.25,South Devon,Kingsbridge,SX 721 431,FM,C5C8
101.2,Q Radio,Northern Media,Adult,8.2,Fermanagh and South Tyrone,Brougher Mountain,IH 350 527,FM,C6B6
101.2,Purbeck Coast FM,Community,Mixed Format,0.1,"Swanage area, Dorset",Nine Barrow Down,SZ 010 812,FM,
101.2,Today FM,Bauer (Ireland),"Adult, Talk",2.3,Limerick city,"Woodcock H, Limerick",,FM,E5C0
101.2,Today FM,Bauer (Ireland),"Adult, Talk",0.1,"Fermoy, Cork",Fermoy,,FM,E5C0
101.2,Sky Radio,Netherlands,Dutch Adult 200.000,,North West Netherlands (4),"Hilversum, Netherlands",,FM,2250
101.3,Classic FM,Global Radio,Light Classical,46,"Oxon, Bucks, Berks, S Midlands",Oxford,SP 567 105,FM,C2E0
101.3,Classic FM,Global Radio,Light Classical,8,Ayrshire,Darvel,NS 557 341,FM,C2E0
101.3,Classic FM,Global Radio,Light Classical,1,Swansea area,Kilvey Hill,SS 672 940,FM,C2E0
101.3,Today FM,Bauer (Ireland),"Adult, Talk",1,West County Galway,Clifden,,FM,E5C0
101.3,Today FM,Bauer (Ireland),"Adult, Talk",3.9,West Kerry,Kilkeaveragh,,FM,E5C0
101.3,Today FM,Bauer (Ireland),"Adult, Talk",0.6,North East Wicklow,Greystones,,FM,E5C0
101.3,Flirt FM,Irish Student,New Music,0.2,Galway,Tonabrocky,,FM,
101.3,NRJ,France,French Adult,1,"Dunkerque, France (6)","Dunkerque, France",,FM,F207
101.4,Classic FM,Global Radio,Light Classical,11,Inverness & Moray Firth area,Mounteagle,NH 639 580,FM,C2E0
101.4,Classic FM,Global Radio,Light Classical,0.2,Bristol,Pur Down,ST 610 764,FM,C2E0
101.4,Smooth Lakes,Global Radio,"Oldies, Easy Listening",0.1,"Keswick, Cumbria",Keswick Forest,NY 223 244,FM,C6D4
101.4,Smooth Radio (East Midlands),Communicorp,"Oldies, Easy Listening",0.19,Derby,Drum Hill,SK 375 425,FM,C4D4
101.4,Flex FM,Community,Rhythmic New Music,0.105,South West London,Wandsworth,TQ 241 736,FM,
101.4,1BTN,Community,Dance,0.025,Brighton,Brighton Racecourse,TQ 330 051,FM,
101.4,Rinse FM,Community,Rhythmic New Music,,South West London,Wandsworth,TQ 241 736,FM,
101.4,IUR FM,Community,Mixed Format,0.02,"Newry, Northern Ireland",Newry Golf Club,IJ 077 238,FM,
101.4,BFBS Gurkha Radio,Community,Nepali,0.002,"Leconfield, East Yorkshire",Normandy Barracks,TA 021 434,FM,C262
101.4,Today FM,Bauer (Ireland),"Adult, Talk 160.000",,South East Ireland,Mount Leinster,,FM,E5C0
101.4,West Limerick 102,Irish Community,Mixed Format,0.1,"Abbeyfeale, West Co. Limerick",Abbeyfeale,,FM,EDC2
101.5,Classic FM,Global Radio,Light Classical 250.000,,Norfolk and Suffolk,Tacolneston,TM 131 958,FM,C2E0
101.5,Classic FM,Global Radio,Light Classical,10,West Cornwall,Redruth,SW 690 394,FM,C2E0
101.5,Radio Plus,Community,Christian Contemporary,0.025,Coventry,Coventry,SP 331 790,FM,
101.5,BFBS Gurkha Radio,Community,Nepali,0.002,"Leconfield, East Yorkshire",Blandford Garrison,ST 915 079,FM,C262
101.5,Q102.2,Onic,"Soft, Oldies",0.1,"Balbriggan, North Co Dublin",Strifeland,,FM,
101.5,MNM,VRT,Flemish,50,"Flanders, Belgium","Egem, Belgium",,FM,B204
101.6,Classic FM,Global Radio,Light Classical,2.5,North Wales Coast,Great Orme Head,SH 766 834,FM,C2E0
101.6,Classic FM,Global Radio,Light Classical,1.91,Teesside and South Durham,Bilsdale,SE 553 962,FM,C2E0
101.6,Classic FM,Global Radio,Light Classical,0.3,Leeds,Beecroft Hill,SE 237 350,FM,C2E0
101.6,Capital (Midlands),Global Radio,Contemporary,0.063,Lichfield & Tamworth area,Lichfield,SK 164 043,FM,C4C0
101.6,Greatest Hits Radio,Bauer,Oldies,0.075,"Fourmarks & Alresford, Hants",Medstead,SU 672 360,FM,C2D4
101.6,Greatest Hits Radio,Bauer,Oldies,0.065,"Hindhead area, Surrey",Hindhead,SU 886 356,FM,C2D4
101.6,KM-FM,Kent Messenger,Contemporary,0.4,"Sevenoaks area, Kent",Wrotham,TQ 595 604,FM,C5DF
101.6,Asian Star,Community,Asian,0.025,Slough,Slough,SU 979 798,FM,
101.6,Today FM,Bauer (Ireland),"Adult, Talk",5,North Donegal,Fanad,,FM,E5C0
101.6,West Limerick 102,Irish Community,Mixed Format,0.15,"Glin and Foynes, Co. Limerick",Killadysert,,FM,EDC2
101.6,RFM Nord,France,French Adult,,"Boulogne, France (5)","Boulogne, France",,FM,F210
101.7,Classic FM,Global Radio,Light Classical 250.000,,Central Scotland,Black Hill,NS 828 647,FM,C2E0
101.7,Classic FM,Global Radio,Light Classical 250.000,,South Wales & West England,Wenvoe,ST 110 742,FM,C2E0
101.7,Classic FM,Global Radio,Light Classical,0.5,Sheffield,"Tapton Hill, Sheffield",SK 324 870,FM,C2E0
101.7,Heart East,Global Radio,Pop Hits from 90s to present,0.1,"Harlow, Essex & East Herts",Rye Hill,TL 449 067,FM,C9C8
101.7,Today FM,Bauer (Ireland),"Adult, Talk",4.3,North West Mayo,Achill,,FM,E5C0
101.8,Classic FM,Global Radio,Light Classical,5.2,East Kent,Dover,TR 274 397,FM,C2E0
101.8,Classic FM,Global Radio,Light Classical,6.4,South Cumbria and NW Lancs,Morecambe Bay,SD 239 791,FM,C2E0
101.8,Classic FM,Global Radio,Light Classical,0.5,Reading,Hemdean,SU 710 762,FM,C2E0
101.8,Greatest Hits Radio,Bauer,Oldies,0.045,"Wirksworth, Derbyshire",Hardhurst Farm,SK 297 529,FM,C2D4
101.8,Greatest Hits Radio,Bauer,Oldies,0.05,"Uttoxeter, Staffordshire",Uttoxeter,SK 112 362,FM,C2D4
101.8,Greatest Hits Radio,Bauer,Oldies,0.1,"Petersfiield, Hampshire",Rams Walk,SU 748 233,FM,C2D4
101.8,Heart North East,Global Radio,Pop Hits from 90s to present,10,"Tyneside, N Durham, S Nthmb",Burnhope,NZ 184 474,FM,C7C8
101.8,Radio Wester Ross,Independent,Adult,0.06,"Shieldaig, Highland",Shieldaig,NG 821 536,FM,C7A3
101.8,Branch FM,Community,Christian,0.025,"Dewsbury, West Yorkshire",Dewsbury,SE 252 230,FM,
101.8,Cross Rhythms City Radio,Community,"Contemporary, Christian",0.125,Stoke-on-Trent,Stoke-on-Trent,SJ 917 496,FM,
101.8,Vixen 101,Community,Mixed Format,0.025,"Market Weighton area, E Yorks",Market Weighton,SE 903 421,FM,
101.8,WCR,Community,Mixed Format,0.025,Wolverhampton,Wolverhampton Mander H,SO 914 986,FM,
101.8,Stoke Mandeville Hospital R,Hospital RSL,Mixed Music,0.002,"Stoke Mandeville, Bucks",Stoke Mandeville Hospital,SP 829 117,FM,
101.8,Today FM,Bauer (Ireland),"Adult, Talk 150.000",,South West Ireland,Mullaghanish,,FM,E5C0
101.8,Today FM,Bauer (Ireland),"Adult, Talk",2,County Dublin,Three Rock,,FM,E5C0
101.9,Classic FM,Global Radio,Light Classical 250.000,,East & Central Northern Ireland,Divis,IJ 286 750,FM,C2E0
101.9,Classic FM,Global Radio,Light Classical,40,"Cambs, Beds, S Lincs, E Nthnts",Peterborough,TL 127 913,FM,C2E0
101.9,Classic FM,Global Radio,Light Classical,0.5,Brighton and Worthing area,Whitehawk Hill,TQ 330 045,FM,C2E0
101.9,Heart South West,Global Radio,Pop Hits from 90s to present,0.5,"Ivybridge, Devon",Ivybridge,SX 631 538,FM,C5C8
101.9,Sky Radio,Netherlands,Dutch Adult,50,"Zeeland, Netherlands (4)","Goes, Netherlands",,FM,2250
102.0,Capital (Midlands),Global Radio,Contemporary,3,"S & C Warwickshire, E Worcs",Lark Stoke,SP 187 427,FM,C4C0
102.0,Capital (North West),Global Radio,Contemporary,1,Greater Manchester,Sunley Building,SJ 844 983,FM,C6C0
102.0,Greatest Hits Radio,Bauer,Oldies,1.25,South Wiltshire,Camp Hill,SU 112 337,FM,C2D4
102.0,Greatest Hits Radio,Bauer,Oldies,0.1,"Alton & Bordon area, Hants",Brockham Hill,SU 723 428,FM,C2D4
102.0,Greatest Hits Radio,Bauer,Oldies,0.45,Barnsley,Ardsley,SE 390 061,FM,C2D4
102.0,Greatest Hits Radio,Bauer,Oldies,0.08,"Matlock & Bakewell, Derbys",Stanton Moor,SK 246 637,FM,C2D4
102.0,Heart South,Global Radio,Pop Hits from 90s to present,0.2,Hastings,Hastings,TQ 807 100,FM,C4C8
102.0,Isle of Wight Radio,Independent,Adult,0.02,Ryde & North East Isle of Wight,Ryde Pier,SZ 593 936,FM,C5A5
102.0,Isle of Wight Radio,Independent,Adult,0.02,"Ventnor, SE Isle of Wight",Ventnor,SZ 567 783,FM,C5A5
102.0,Isle of Wight Radio,Independent,Adult,0.007,"Cowes, Isle of Wight",Cowes,SZ 496 903,FM,C5A5
102.0,Nation Radio (Suffolk),Bauer,"Oldies, Adult",1.02,Ipswich area,Warren Heath,TM 190 425,FM,
102.0,Original (Tayside and Fife),DC Thompson,"Oldies, Adult",0.2,Dundee,Dundee Law,NO 392 313,FM,C6B3
102.0,Drystone Radio,Community,Mixed Format,0.07,"Ilkley, West Yorkshire",Ilkley Upper Austby Farm,SE 103 502,FM,
102.0,Beat 102-103,Irish Ind,Contemporary,6,"N Wexford, S Carlow, Kilkenny",Mount Leinster,,FM,E4C2
102.0,CUH FM,Irish Hospital,Mixed format,0.001,"Cork University Hospital, Wilton",Cork University Hospital,,FM,
102.1,Swansea Bay Radio,Nation,"Adult, Oldies",1.25,Swansea area,Kilvey Hill,SS 672 940,FM,CCDE
102.1,Q Radio,Northern Media,Adult,0.037,"Enniskillen, Northern Ireland",Coles Hill,IH 225 438,FM,C6B6
102.1,Sabras Radio,Independent,Asian,0.2,Loughborough area,University Tower,SK 524 190,FM,C8B5
102.1,MKFM,Community,Mixed Format,0.1,"Bletchley, Milton Keynes",Bletchley - MK Stadium,SP 869 353,FM,CBA5
102.1,Highland Radio,Bauer (Ireland),"Adult, Irish & Country, Talk",0.5,"Castlefin and Lifford, Donegal",Feirn Hill,,FM,EDC0
102.1,iRadio,Bauer,Contemporary,5,County Galway,Derrybrien,,FM,ECC0
102.1,Studio Brussel,VRT,Flemish,50,"Flanders, Belgium (6)","Egem, Belgium",,FM,B205
102.2,Capital (Midlands),Global Radio,Contemporary,0.972,Birmingham area,Metropolitan House,SP 055 862,FM,C4C0
102.2,Forth 1,Bauer,"Contemporary, 10s, 00s",0.5,"Penicuik, Lothian",Penicuik,NT 229 597,FM,C5B3
102.2,Greatest Hits Radio,Bauer,"Adult, Oldies",2.5,East Cornwall & West Devon,Caradon Hill,SX 273 707,FM,C2D4
102.2,Greatest Hits Radio,Bauer,Oldies,0.815,Workington,Broughton Moor,NY 058 330,FM,C2D4
102.2,Greatest Hits Radio,Bauer,Oldies,6.4,Lincolnshire,Belmont,TF 217 837,FM,C2D4
102.2,Heart South West,Global Radio,Pop Hits from 90s to present,0.5,West Wiltshire,Naish Hill,ST 947 686,FM,C5C8
102.2,SIBC,Independent,"Contemporary, Adult",0.025,"Lerwick, Shetland",Lerwick,HU 475 415,FM,C4A4
102.2,Smooth Radio,Global Radio,"Oldies, Easy Listening",2,London area,Croydon,TQ 332 696,FM,C4D4
102.2,Radio Wester Ross,Independent,Adult,0.7,"Ullapool, Highland",Ullapool,NH 142 935,FM,C7A3
102.2,Beat 102-103,Irish Ind,Contemporary,5,South West Waterford,Dungarvan,,FM,E4C2
102.2,Q102.2,Onic,"Soft, Oldies",5,Dublin Region,Three Rock,,FM,
102.2,West Limerick 102,Irish Community,Mixed Format,0.3,Mid West County Limerick,Knockanimpha,,FM,EDC2
102.3,Clyde 1,Bauer,"Contemporary, 10s, 00s",0.6,"Largs, Rothesay, Clyde Mouth",Rothesay,NS 125 691,FM,C4B3
102.3,Downtown Radio,Bauer,"Oldies, Adult",0.625,Ballymena and Antrim,Portglenone,ID 008 028,FM,C4B6
102.3,Greatest Hits Radio (Scotland),Bauer,Oldies,0.01,Berwick- upon- Tweed,Berwick- upon- Tweed,NT 980 547,FM,CBD4
102.3,Greatest Hits Radio,Bauer,Oldies,0.48,Littlehampton and Arundel,Hammerpot,TQ 072 055,FM,C2D4
102.3,Greatest Hits Radio,Bauer,Oldies,0.044,"Thirsk area, North Yorkshire",Calvert's Carpets,SE 429 819,FM,C2D4
102.3,Heart North West,Global Radio,Pop Hits from 90s to present,0.04,"Windermere & Ambleside, Cmb",Windermere,SD 383 980,FM,C6C8
102.3,Heart South,Global Radio,Pop Hits from 90s to present,2,Bournemouth area,Nine Barrow Down,SZ 009 811,FM,C4C8
102.3,Heart South Wales,Global Radio,Pop Hits from 90s to present,0.5,"Pontypridd area, South Wales",Eglwysilan,ST 099 911,FM,CCC8
102.3,HFM,Community,Mixed Format,0.125,"Market Harborough, Leics",Little Oxendon Farm,SP 727 840,FM,
102.3,Nevis Radio,Community,"Adult, Contemporary",0.8,"Mallaig, Arisaig & SE Skye",Cnoc Malagan,NG 654 081,FM,C6A3
102.3,Spin South West,Bauer (Ireland),Contemporary,1.5,North West County Clare,Ennistymon,,FM,EBC0
102.4,Capital (Midlands),Global Radio,Contemporary,0.06,Burton & Swadlincote area,Burton,SK 266 227,FM,C4C0
102.4,Downtown Radio,Bauer,"Oldies, Adult",10,Derry area,Londonderry,IC 404 176,FM,C4B6
102.4,Energy FM,Independent,Contemporary,0.43,"Peel, Isle of Man",Beary Peark,SC 295 832,FM,C3A0
102.4,Greatest Hits Radio,Bauer,Oldies,0.1,Wigan and Skelmersdale area,Billinge Hill,SD 523 016,FM,C2D4
102.4,Greatest Hits Radio,Bauer,Oldies,4,Minehead and Watchet,Minehead North,SS 965 472,FM,C2D4
102.4,Greatest Hits Radio,Bauer,Oldies,0.1,"Bridlington, East Yorkshire",Buckley Barn,TA 165 714,FM,C2D4
102.4,Heart East,Global Radio,Pop Hits from 90s to present,3.3,East Norfolk and NE Suffolk,Stoke Holy Cross,TG 258 026,FM,C9C8
102.4,Heart South,Global Radio,Pop Hits from 90s to present,8.2,East Sussex,Heathfield,TQ 566 220,FM,C4C8
102.4,Heart South West,Global Radio,Pop Hits from 90s to present,2,Gloucester/ Cheltenham area,Churchdown Hill,SO 880 188,FM,C5C8
102.4,Radio Hartlepool,Community,Mixed Format,0.025,Hartlepool,Hartlepool,NZ 505 326,FM,
102.4,Nevis Radio,Community,"Adult, Contemporary",1.6,"Ballachulish & L Leven, Highland",Glenachulish,NN 034 591,FM,C6A3
102.4,Redroad FM,Community,Mixed Format,0.025,South Rotherham,Wales Sheffield,SK 477 826,FM,
102.4,Beat 102-103,Irish Ind,Contemporary,5,South Tipperary,Clonmel,,FM,E4C2
102.4,Midlands 103,Tindle,"Adult, Oldies, Irish&Country, Talk",0.1,South East Laois,Gales Hill,,FM,E3C2
102.5,Clyde 1,Bauer,"Contemporary, 10s, 00s",24.5,Glasgow and Clydeside area,Black Hill,NS 828 647,FM,C4B3
102.5,Greatest Hits Radio,Bauer,Oldies,0.1,"Penrith, Cumbria",Penrith,NY 531 313,FM,C2D4
102.5,Hits Radio (West Yorkshire),Bauer,"Contemporary, 10s, 00s",2,Huddersfield & Halifax area,Vicars Lot,SE 071 172,FM,CAD2
102.5,Moray Firth Radio,Bauer,"Contemporary, 10s, 00s",1.2,"Thurso & Wick area, Highland",Ben Dorrery,ND 063 551,FM,C8B3
102.5,Radio Pembrokeshire,Nation,"Adult, Oldies",20,Pembrokeshire,Haverfordwest,SN 028 261,FM,CCDD
102.5,Q Radio,Northern Media,Adult,0.02,"Newtownabbey, N Ireland",Carnmoney Hill,IJ 336 829,FM,C6B6
102.5,Q Radio,Northern Media,Adult,0.08,"Bangor, N Ireland",Bangor,IJ 500 817,FM,C6B6
102.5,BFBS (Aldershot),Community,Contemp/Adult (for Army),0.02,"Aldershot, Mytchett, Pirbright",Aldershot,SU 864 512,FM,
102.5,Black Cat Radio,Community,Mixed Format,0.2,"St Neots, Cambridgeshire",Paxton Hill,TL 206 626,FM,
102.5,Black Country Radio,Community,Mixed Format,0.05,Stourbridge,Brierley Hill St Michaels,SO 916 869,FM,CEA5
102.5,EAVA FM,Community,"Asian, Rhythmic Music",0.026,Leicester,Central Leicester,SK 592 063,FM,
102.5,Mon FM,Community,Mixed Format,0.2,South West Anglesey,Gwalchmai,SH 389 767,FM,CCE1
102.5,Mon FM,Community,Mixed Format,0.25,North Anglesey,Amlwch Nebo,SH 471 907,FM,CCE1
102.5,Nova Radio North East,Community,Mixed Format,0.025,Newcastle,Newcasrle-upon-Tyne,NZ 218 648,FM,
102.5,Soundart Radio,Community,Mixed Format,0.05,"Totnes, Devon",Dartington Higher Close,SX 800 628,FM,
102.5,Ocean FM,Irish Ind,"Adult, Irish & Country, Talk",5,County Sligo,Truskmore,,FM,EEC0
102.5,Spin South West,Bauer (Ireland),Contemporary,1,Mid County Kerry,Knockmoyle,,FM,EBC0
102.5,Spin South West,Bauer (Ireland),Contemporary,0.5,"Killaloe, Clare",Killaloe,,FM,EBC0
102.5,RFM Nord,France,French Adult,,"Calais, France (6)","Calais, France",,FM,F210
102.6,Heart East,Global Radio,Pop Hits from 90s to present,1.98,Chelmsford & Central Essex,Bakers Wood,TL 660 034,FM,C9C8
102.6,Heart South,Global Radio,Pop Hits from 90s to present,9,Oxfordshire and West Bucks,Oxford,SP 567 105,FM,C4C8
102.6,Heart South West,Global Radio,Pop Hits from 90s to present,4,Somerset,Mendip,ST 563 488,FM,C5C8
102.6,Hits Radio (North East),Bauer,"Contemporary, 10s, 00s",0.2,"Alnwick area, Northumberland",Shilbottle,NU 191 081,FM,C7D2
102.6,Hits Radio (Staffs & Cheshire),Bauer,"Contemporary, 10s, 00s",4,Stoke-on-Trent area,Alsagers Bank,SJ 812 478,FM,C6D2
102.6,Nation Radio (North East),Nation,"Oldies, Adult",0.07,"Richmond area, North Yorks",Richmond,NZ 163 018,FM,C7DA
102.6,Sine FM,Community,Mixed Format,0.125,Doncaster,Doncaster Civic Centre,SE 577 030,FM,
102.6,Beat 102-103,Independent,Contemporary,0.2,"Gorey, County Wexford",Gorey,,FM,E4C2
102.6,C103,Onic,"Adult, Oldies, I&C, Talk",5,Cork city,Holly Hill,,FM,E9C1
102.6,Highland Radio,Bauer (Ireland),"Adult, Irish & Country, Talk",0.5,"Gortahotk, NE Donegal",Crockananeeve,,FM,EDC0
102.6,Midlands 103,Tindle,"Adult, Oldies, Irish&Country, Talk",0.2,"Borris in Ossary, Laois",Borris in Ossary,,FM,E3C2
102.6,Midlands 103,Tindle,"Adult, Oldies, Irish&Country, Talk",0.1,"Stradbally, Laois",Stradbally,,FM,E3C2
102.6,France Bleu Basse Normandie,Radio France,French Oldies,50,"Basse Normandie, France (2)","Caen, France",,FM,
102.7,Radio Leeds,BBC,Mixed Format,0.5,"Keighley area, West Yorks",Keighley,SE 069 444,FM,CE14
102.7,Heart East,Global Radio,Pop Hits from 90s to present,4,N Cambridgeshire & S Lincs,Gunthorpe,TF 187 036,FM,C9C8
102.7,Heart South,Global Radio,Pop Hits from 90s to present,3.6,North Sussex and East Surrey,Reigate,TQ 256 521,FM,C4C8
102.7,Radio Skye,Independent,"Mixed Format, Gaelic",9.04,"Skye, Harris, East N & S Uist",Skriaig,NG 451 408,FM,C9A3
102.7,Radio Carlisle,Community,Mixed Format,0.2,Carlisle,Carlisle Civic Centre,NY 402 563,FM,
102.7,Raidio na Gaeltachta,RTE,Irish,47,"NE Ireland, SE Northern Ireland",Clermont Carn,,FM,E4C0
102.7,C103,Onic,"Adult, Oldies, I&C, Talk",0.1,"Bantry, W County Cork",Bantry,,FM,E9C1
102.7,Spin South West,Bauer (Ireland),Contemporary,10,Counties Clare and Limerick,Maghera,,FM,EBC0
102.7,Radio 538,Netherlands,Dutch Contemporary 100.000,,West Netherlands (4),"Rotterdam, Netherlands",,FM,2238
102.8,Capital (Midlands),Global Radio,Contemporary,0.92,"Derby, Burton & S Derbyshire",Drum Hill,SK 375 425,FM,C4C0
102.8,Capital (North West),Global Radio,Contemporary,0.05,"Chorley, Lancashire",Chorley St George's,SD 585 175,FM,C6C0
102.8,Greatest Hits Radio,Bauer,"Adult, Oldies",10.2,West Cornwall,Redruth,SW 690 394,FM,C2D4
102.8,Heart North Wales,Communicorp,Pop Hits from 90s to present,0.2,"Welshpool area, Powys",Long Mountain,SJ 265 057,FM,CDC8
102.8,Heart South,Global Radio,Pop Hits from 90s to present,1,Canterbury area,Dunkirk,TR 078 590,FM,C4C8
102.8,Hits Radio (West Midlands),Bauer,"Contemporary, 10s, 00s",1,Worcestershire,Great Malvern,SO 774 464,FM,C4D2
102.8,Moray Firth Radio,Bauer,"Contemporary, 10s, 00s",0.913,Moray,Tor Sliasg,NJ 425 581,FM,C8B3
102.8,Nation Radio (North East),Nation,"Oldies, Adult",0.33,Durham and North County Durham,Sacriston,NZ 245 466,FM,C7DA
102.8,Tay FM,Bauer,"Contemporary, 10s, 00s",5.25,"Dundee, Angus and North Fife",Angus,NO 394 407,FM,C6B3
102.8,Canalside Radio,Community,Mixed Format,0.1,"Bollington, Cheshire",Bollington Clarence Mill,SJ 934 782,FM,
102.8,Diverse FM,Community,Rhythmic Music,0.226,Luton,"Felpersham Court, Luton",TL 076 211,FM,
102.8,Hot,Community,Rhythmic Music,0.1,Poole,Canford Heath,SZ 037 939,FM,
102.8,YO1 Radio,Community,Mixed Format,0.101,York,York Hospital,SE 602 531,FM,CDA5
102.8,Beat 102-103,Independent,Contemporary,5,East Waterford,Carrickpherish,,FM,E4C2
102.9,Heart South,Global Radio,Pop Hits from 90s to present,4,N Hampshire & W Berkshire,Hannington,SU 527 568,FM,C4C8
102.9,Hits Radio (South Yorkshire),Bauer,"Contemporary, 10s, 00s",0.5,Barnsley and Rotherham,Ardsley,SE 390 061,FM,CAD2
102.9,Hits Radio (West Midlands),Bauer,"Contemporary, 10s, 00s",0.05,Leamington Spa & Warwick,Leamington Spa,SP 329 663,FM,C4D2
102.9,Nation Radio (Wales),Nation,"Oldies, Adult",3.2,Carmarthenshire,Carmel,SN 576 153,FM,CCDA
102.9,Q Radio,Northern Media,Adult,5.127,Derry area,Foyle Hill,IC 397 164,FM,C6B6
102.9,C103,Onic,"Adult, Oldies, I&C, Talk",0.2,North East County Cork,NE Cork Relay,,FM,E9C1
102.9,East Coast Radio,Irish Ind,"Adult, Talk",4,East County Wicklow,Ballyguile,,FM,E7C1
102.9,East Coast Radio,Irish Ind,"Adult, Talk",5,West County Wicklow,Baltinglass,,FM,E7C1
102.9,Spin South West,Bauer (Ireland),Contemporary,1,West Kerry,Caherciveen,,FM,EBC0
102.9,Spin South West,Bauer (Ireland),Contemporary,10,"Killarney, County Kerry",Killarney,,FM,EBC0
102.9,Community Radio Castlebar,Irish Community,Mixed Format,0.04,"Castlebar, Mayo",Castelbar,,FM,
103.0,Capital Cymru  Capital,Global Radio,"Welsh  Contemporary,",18.75,West and North Gwynedd,Arfon,SH 476 463,FM,
103.0,Greatest Hits Radio (Scotland),Bauer,Oldies,0.064,"Wigtown Bay area, D & G",Cambret Hill,NX 524 578,FM,CBD4
103.0,Heart East,Global Radio,Pop Hits from 90s to present,1,S & Central Cambridgeshire,"Madingley, Cambridge",TL 392 594,FM,C9C8
103.0,Heart South West,Global Radio,Pop Hits from 90s to present,1,East Devon,Stockland Hill,ST 222 014,FM,C5C8
103.0,Heart South West,Global Radio,Pop Hits from 90s to present,0.1,"Stroud area, Gloucestershire",Stroud,SO 836 077,FM,C5C8
103.0,Heart South West,Global Radio,Pop Hits from 90s to present,0.1,Weston-Super-Mare,Worlebury Hill,ST 325 637,FM,C5C8
103.0,Heart South West,Global Radio,Pop Hits from 90s to present,0.08,Bath,Bath,ST 769 654,FM,C5C8
103.0,Hits Radio Manchester,Bauer,"Contemporary, 10s, 00s",4,Greater Manchester,Saddleworth,SD 987 050,FM,C6D2
103.0,Hits Radio (North East),Bauer,"Contemporary, 10s, 00s",0.05,"West Tyneside, Tyne & Wear",Fenham,NZ 216 648,FM,C7D2
103.0,Isles FM,Independent,"Mixed format, Gaelic",3.59,Isle of Lewis,Eitshal,NB 305 302,FM,C8A3
103.0,Northsound One,Bauer,"Contemporary, 10s, 00s",0.174,"Peterhead area, Aberdeenshire",Stirling Hill,NK 124 411,FM,C7B3
103.0,Dales Radio,Community,Mixed Format,0.1,"Hawes area, N Yorkshire",Hawes – Creamery,SD 871 896,FM,C8A5
103.0,Dales Radio,Community,Mixed Format,0.1,"Ingleton area, North Yorkshire",Ingleton,SD 693 724,FM,C8A5
103.0,Dales Radio,Community,Mixed Format,0.1,"Kirkby Stephen, Cumbria",Kirkby Stephen,NY 771 084,FM,C8A5
103.0,The Eye,Community,Mixed Format,0.084,Melton Mowbray,White Lodge,SK 723 239,FM,
103.0,C103,Onic,"Adult, Oldies, I&C, Talk",0.4,Kinsale County Cork,Kinsale,,FM,E9C1
103.0,C103,Onic,"Adult, Oldies, I&C, Talk",0.1,"Youghal, County Cork",Youghal,,FM,E9C1
103.0,Ocean FM,Irish Ind,"Adult, Irish & Country, Talk",0.1,"Glencolumbkille, Donegal",Glencolumbkille,,FM,EEC0
103.0,Spin South West,Bauer (Ireland),Contemporary,0.5,Limerick City,Woodcock Hill,,FM,EBC0
103.1,Central FM,"New Wave MediaAdult,",Contemporary,0.5,Stirling and Falkirk area,Earls Hill,NS 718 884,FM,C9A3
103.1,Downtown Radio,Bauer,"Oldies, Adult",2,South East Northern Ireland,Camlough,IJ 055 246,FM,C4B6
103.1,Greatest Hits Radio (Scotland),Bauer,Oldies,0.035,"Peebles, Border Region",Peebles,NT 228 416,FM,CBD4
103.1,Greatest Hits Radio,Bauer,Oldies,0.08,"Whitby, North Yorkshire",Whitby,NZ 904 113,FM,C2D4
103.1,Heart South,Global Radio,Pop Hits from 90s to present,4,West Kent,Bluebell Hill,TQ 757 613,FM,C4C8
103.1,Hits Radio (West Midlands),Bauer,"Contemporary, 10s, 00s",2.7,Shropshire,The Wrekin,SJ 628 082,FM,C4D2
103.1,Awaz 103.1,Community,Asian,0.015,"Nelson, Lancashure",Brierfields,SD 861 362,FM,
103.1,3TFM,Community,Mixed Format,0.025,"Saltcoats, Ayrshire",Saltcoats,NS 255426,FM,
103.1,Sound Radio Wales,Community,Mixed Format,,North East Wales Coast,,,FM,
103.1,Vixen 101,Community,Mixed Format,0.05,"Pocklington, East Yorkshire",Pocklington Judsons,SE802 489,FM,
103.1,Beat 102-103,irish Ind,Contemporary,0.2,South County Wexford,Forth Mountain,,FM,E4C2
103.1,Beat 102-103,Independent,Contemporary,0.02,Carrick on Suir & SW Kilkenny,Suir Valley,,FM,E4C2
103.1,iRadio,Bauer,Contemporary,5,"Longford, Roscommon, Leitrim",Cairn Hill,,FM,ECC0
103.1,iRadio,Bauer,Contemporary,1.5,North West County Mayo,Achill,,FM,ECC0
103.1,iRadio,Bauer,Contemporary,2,"Connemara, County Galway",Seanafaistin,,FM,ECC0
103.1,FM 104,Onic,Contemporary,0.1,"Balbriggan, North Co Dublin",Strifeland,,FM,E8C0
103.1,France Bleu Armorique,Radio France,French Oldies 125.000,,"East Bretagne, France (3)","Rennes, France",,FM,
103.2,Capital (South Coast),Global Radio,Contemporary,2,South Hampshire and Wight,Chillerton Down,SZ 475 835,FM,C5C0
103.2,Capital (South Wales),Communicorp,Contemporary,2,Cardiff area,Wenallt,ST 153 835,FM,CCC0
103.2,Greatest Hits Radio,Bauer,Oldies,0.25,North West Norfolk,Bunkers Hill,TF 903 388,FM,C2D4
103.2,Greatest Hits Radio,Bauer,Oldies,0.25,"Cromer & Sheringham, Norfolk",Aylmerton,TG 188 408,FM,C2D4
103.2,Heart North West,Global Radio,Pop Hits from 90s to present,0.1,"Kendal, Cumbria",Kendal,SD 540 912,FM,C6C8
103.2,Hits Radio (North East),Bauer,"Contemporary, 10s, 00s",0.12,"Hexham & Tyne Valley, Nthmb",Newton,NZ 036 653,FM,C7D2
103.2,Mansfield 103.2 FM,Independent,Adult,0.1,"Mansfield & Ashfields, Notts",Fishponds Hill,SK 514 606,FM,
103.2,Nation Radio (North East),Nation,"Oldies, Adult",0.285,South Durham & W Teesside,Darlington Beaumont Hill,NZ 284 187,FM,C7DA
103.2,Sunrise Radio (Yorkshire),Sunrise,Asian,0.5,Bradford area,Idle,SE 163 374,FM,C9A5
103.2,Juice Radio,Community,Contemporary,0.025,Preston,Preston,SD 542 291,FM,
103.2,Insanity,Community,"New Music, Pop",0.025,Egham,Egham,SU 998 707,FM,
103.2,Peterborough Community R,Community,Mixed Format,0.1,Peterborough,Peterborough,TL 195 988,FM,
103.2,Dublin City FM,Irish Community,Mixed Format,0.25,Dublin,Three Rock,,FM,E8C2
103.3,Clyde 1,Bauer,"Contemporary, 10s, 00s",0.1,Greenock & Firth of Clyde,Rosneath,NS 258 811,FM,C4B3
103.3,Greatest Hits Radio,Bauer,Oldies,0.2,"Whaley Bridge, New Mills, Derbys",Buxworth Hawkhurst Farm,SK 002 814,FM,C2D4
103.3,Greatest Hits Radio,Bauer,Oldies,0.035,"Castlelton to Heathersage, Derbys",Hope Valley,SK 178 838,FM,C2D4
103.3,Heart East,Global Radio,Pop Hits from 90s to present,2,Milton Keynes area,Bow Brickhill,SP 914 342,FM,C9C8
103.3,Heart Scotland,Global Radio,Pop Hits from 90s to present,0.5,"Penicuik, Lothian",Penicuik,NT 229 597,FM,CBC8
103.3,London Greek Radio,Independent,Greek,0.2,North London,Cholmeley Lodge,TQ 287 874,FM,
103.3,Nevis Radio,Community,"Adult, Contemporary",0.4,"Oban, Highland",Oban,NM 850 290,FM,C6A3
103.3,Ninesprings Radio,Community,Mixed Format,0.026,"Wincanton, Somerset",Wincanton Racecourse,ST 710 297,FM,CEA5
103.3,RWS FM,Community,Mixed Format,0.05,"Bury St Edmunds, Suffolk",Bury St Edmunds,TL 850 627,FM,
103.3,C103,Onic,"Adult, Oldies, I&C, Talk",5,West County Cork,Nowen Hill,,FM,E9C1
103.3,C103,Onic,"Adult, Oldies, I&C, Talk",0.05,"Fermoy, County Cork",Fermoy,,FM,E9C1
103.3,Highland Radio,Bauer (Ireland),"Adult, Irish & Country, Talk",5,East County Donegal & Derry,Scalp Mountain,,FM,EDC0
103.3,iRadio,Bauer,Contemporary,3,West County Galway,Clifden,,FM,ECC0
103.3,iRadio,Bauer,Contemporary,0.25,Galway City,Tonabrocky,,FM,ECC0
103.3,News Talk 106-108 FM,Bauer (Ireland),"News, Talk",2.5,North County Monaghan (m),Monaghan,,FM,E6C0
103.3,Tipp FM,Irish Ind,Adult,0.2,West Central County Tipperary,Laghtseefin,,FM,E2C1
103.3,France Inter,Radio France,French Mixed format,1,"Boulogne, France (5)","Boulogne, France",,FM,F201
103.3,France Inter,Radio France,French Mixed format,,"Dunkerque, France (6)","Dunkerque, France",,FM,F201
103.4,Radio Devon,BBC,Mixed Format,15,Devon and East Cornwall,North Hessary Tor,SX 578 742,FM,C812
103.4,Capital (NW & Wales),Global Radio,Contemporary,1.4,Wrexham and West Cheshire,Wrexham,SJ 301 537,FM,C6C0
103.4,Downtown Radio,Bauer,"Oldies, Adult",0.2,"Newcastle, Northern Ireland",Newcastle,IJ 362 302,FM,C4B6
103.4,Downtown Radio,Bauer,"Oldies, Adult",0.01,Newtownabbey and Belfast,Carnmoney Hill,IJ 336 829,FM,C4B6
103.4,Greatest Hits Radio,Bauer,Oldies,0.4,"Whitehaven area, Cumbria",Whitehaven,NX 992 123,FM,C2D4
103.4,Greatest Hits Radio,Bauer,Oldies,2,Great Yarmouth & Lowestoft,Lowestoft,TM 523 942,FM,C2D4
103.4,Greatest Hits Radio (Scotland),Bauer,Oldies,0.5,Eyemouth and Border coast,Eyemouth,NT 947 599,FM,CBD4
103.4,Heart South,Global Radio,Pop Hits from 90s to present,0.1,"Henley, Oxon",Henley,SU 780 822,FM,C4C8
103.4,Hits Radio (South Yorkshire),Bauer,"Contemporary, 10s, 00s",1.5,Doncaster and Rotherham area,Clifton,SK 518 959,FM,CAD2
103.4,Nation Radio (North East),Nation,"Oldies, Adult",0.18,Sunderland area,Haining,NE 356 509,FM,C7DA
103.4,Bradley Stoke Radio,Community,Mixed Format,0.025,"Bradley Stoke, Bristol",Bradley Stoke,ST 612 825,FM,
103.4,Susy Radio,Community,Mixed Format,0.05,"Reigate and Redhill, Surrey","The Cattery, Reigate",TQ 258 521,FM,
103.5,Radio 4 FM,BBC,"Talk, News, Entertainment",0.05,"West Kilbride area, Ayrshire",West Kilbride,NS 215 483,FM,C204
103.5,Radio 4 FM,BBC,"Talk, News, Entertainment",0.048,"Swansea Valley, South Wales",Varteg Hill,SN 776 077,FM,C204
103.5,Radio 4 FM,BBC,"Talk, News, Entertainment",0.1,"Larne, Northern Ireland",Larne,ID 395 037,FM,C204
103.5,Radio 4 FM,BBC,"Talk, News, Entertainment",0.182,"Ffestiniog area, Gwynedd",Ffestiniog,SH 709 392,FM,C204
103.5,BBC Essex,BBC,Mixed Format,12,Central and North Essex,Great Braxted,TL 870 149,FM,CE11
103.5,Radio Wiltshire,BBC,Mixed Format,2,South Wiltshire,Newton Barrow,SU 099 354,FM,CA13
103.5,Radio Cymru,BBC,Welsh,0.04,Abergavenny & Usk Valley,Abergavenny,SO 244 126,FM,C327
103.5,Radio nan Gaidheal,BBC,Gaelic,5,"Tobermory area, Highland",Glengorm,NM 465 565,FM,C316
103.5,Greatest Hits Radio,Bauer,Oldies,0.2,"Northallerton & Bedale, N Yorks",Northallerton,SE 365 942,FM,C2D4
103.5,Heart South,Global Radio,Pop Hits from 90s to present,0.9,Brighton and Worthing area,Whitehawk Hill,TQ 330 045,FM,C4C8
103.5,Beyond Radio,Community,Mixed Format,0.1,Lancaster and Morecambe,Ashton Memorial,SD 488 613,FM,
103.5,Drystone Radio,Community,Mixed Format,0.15,"South Craven area, N Yorks",Valley Farm,SE 013 434,FM,
103.5,Erewash Sound,Community,Mixed Format,0.1,"Long Eaton, Derbyshire",Risley,SK 450 373,FM,
103.5,Seaside Radio,Community,Mixed Format,0.075,"Hornsea area, East Yorkshire",Hornsea,TA 201 463,FM,CFA5
103.5,Sunny Govan Radio,Community,Mixed Format,0.025,"Govan, Glasgow",Glasgow,NS 536 640,FM,
103.5,C103,Onic,"Adult, Oldies, I&C, Talk",0.2,"Cobin & Monkstown, Cork",Carrigaline,,FM,E9C1
103.5,Midlands 103,Tindle,"Adult, Oldies, Irish&Country, Talk",1,"Laois, Offaly & Westmeath",Sliabh Bloom Mountain,,FM,E3C2
103.5,Spin FM (Dublin),Bauer (Ireland),Contemporary,0.1,"Balbriggan, North Co Dublin",Strifeland,,FM,
103.6,Radio 4 FM,BBC,"Talk, News, Entertainment",21,Anglesey & North Wales Coast,Llanddona,SH 582 810,FM,C204
103.6,Radio 4 FM,BBC,"Talk, News, Entertainment",20,Inverness & Moray Firth area,Rosemarkie,NH 762 623,FM,C204
103.6,Radio 4 FM,BBC,"Talk, News, Entertainment",0.031,"Stranraer, D & G",Stranraer,NX 111 632,FM,C204
103.6,Radio 4 FM,BBC,"Talk, News, Entertainment",0.01,"Croeserw, South Wales",Croeserw,SS 858 952,FM,C204
103.6,Radio 4 FM,BBC,"Talk, News, Entertainment",0.12,"Machynlleth, Powys",Machynlleth,SH 723 003,FM,C204
103.6,Radio 4 FM,BBC,"Talk, News, Entertainment",0.016,"Dolgellau, Gwynedd",Dolgellau,SH 727 185,FM,C204
103.6,Radio Bristol,BBC,Mixed Format,0.1,"Weston-super-mare, Somerset",Hutton,ST 361 588,FM,C412
103.6,Radio Northampton,BBC,Mixed Format,0.82,East Northamptonshire,Geddington,SP 908 839,FM,C613
103.6,Radio Wiltshire,BBC,Mixed Format,0.5,Swindon area,Blunsdon,SU 143 900,FM,CA13
103.6,Radio Cymru,BBC,Welsh,0.048,"Welshpool, Powys",Long Mountain,SJ 265 057,FM,C327
103.6,Radio nan Gaidheal,BBC,Gaelic,0.08,North Islay (mono),Bowmore,NR 318 590,FM,C316
103.6,The Beat London,Community,Rhythmic Contemporary,0.025,Stonebridge & Harlesden (mono),Harlesden,TQ 219 834,FM,
103.6,Lincoln City Radio,Community,"Oldies, Mixed Format",0.063,Lincoln,Lincoln Cathedral,SK 977 718,FM,
103.6,Tameside Community Radio,Community,Mixed Format,0.025,Tameside,Harrop Edge,SJ 984 964,FM,
103.6,Ballymena Gospel Drive-In,RSL,Christian,0.001,"Ballymena Showground, N Ireland",Ballymena Showground,ID 117 038,FM,
103.7,Radio 4 FM,BBC,"Talk, News, Entertainment",0.4,"Lampeter & Teifi Valley, Ceredigion",Mynydd Pencarreg,SN 577 430,FM,C204
103.7,BBC CWR,BBC,Mixed Format,1.4,South & Central Warwickshire,Lark Stoke,SP 187 427,FM,C813
103.7,Radio Newcastle,BBC,Mixed Format,0.1,"Hexham & Tyne Valley, Nthmb",Newton,NZ 036 653,FM,CA14
103.7,Radio York,BBC,Mixed Format,2,Central & S North Yorkshire,Acklam Wold,SE 795 619,FM,C914
103.7,Radio nan Gaidheal,BBC,Gaelic,17,"Dundee, Angus and North Fife",Forfar,NO 482 409,FM,C316
103.7,Radio nan Gaidheal,BBC,Gaelic,2,North Uist,Clettraval,NF 751 716,FM,C316
103.7,Radio nan Gaidheal,BBC,Gaelic,0.025,"Ballachulish, Highland",Ballachulish,NN 059 593,FM,C316
103.7,Radio nan Gaidheal,BBC,Gaelic,2.2,"S Kapdale, E Islay, Jura",South Knapdale,NR 837 748,FM,C316
103.7,Channel FM,Tindle,Adult,4,Jersey,Fremont Point,CI 908 280,FM,C3A1
103.7,Manx Radio FM,Independent,Mixed Format,4,North Isle of Man,Jurby,SC 365 991,FM,C2A0
103.7,Digital City Radio,Community,Rhythmic Contemporary,0.025,"Southend, Essex",Southend University Hosp,TQ 865 873,FM,
103.7,Kane FM,Community,Rhythmic Music,0.025,Guildford,Guildford,SU 975 486,FM,
103.7,Moorlands Radio,Community,Mixed Format,0.05,"Biddulph and Leek area, Staffs",Biddulph Rails Farm,SJ 915 585,FM,
103.7,C103,Onic,"Adult, Oldies, I&C, Talk",3,North County Cork,Mount Hillery,,FM,E9C1
103.7,C103,Onic,"Adult, Oldies, I&C, Talk",0.015,"Macroom, County Cork",Macroom,,FM,E9C1
103.7,iRadio,Bauer,Contemporary,5,County Mayo,Castlebar,,FM,ECC0
103.7,France Inter,Radio France,French Mixed format 400.000,,"Nord Pas de Calais, France (1)","Lille, France",,FM,F201
103.8,Radio 4 FM,BBC,"Talk, News, Entertainment",2.8,Central Powys,Llandrindod Wells,SO 018 635,FM,C204
103.8,Radio 4 FM,BBC,"Talk, News, Entertainment",0.05,Greenock & Firth of Clyde,Rosneath,NS 258 811,FM,C204
103.8,Radio Nottingham,BBC,Mixed Format,0.9,South Nottinghamshire,Mapperley Ridge,SK 583 424,FM,CD13
103.8,BBC Radio Solent for Dorset,BBC,Mixed Format,0.7,Dorchester & Weymouth,Bincombe Hill,SY 678 857,FM,CD12
103.8,Three Counties Radio,BBC,Mixed Format,0.715,"NW & C Herts, S Beds, E Bucks",Zouches Farm,TL 044 210,FM,C511
103.8,Radio Cymru,BBC,Welsh,0.05,"Llanrhaeadr ym Mochnant, Powys",Llanrhaeadr ym Moch.,SJ 174 260,FM,C327
103.8,Mid Sussex Radio,Community,Mixed Format,0.026,"Burgess Hill, Sussex","Tower House, Burgess HillTQ",318 188,FM,
103.8,Juice,Community,LGBTQ+,0.025,Belfast,Conway Mill Belfast,IJ 324 743,FM,
103.8,Spin FM (Dublin),Bauer (Ireland),Contemporary,5,Dublin Region,Three Rock,,FM,
103.9,Radio 4 FM,BBC,"Talk, News, Entertainment",50,Border Region,Ashkirk,NT 470 244,FM,C204
103.9,Radio 4 FM,BBC,"Talk, News, Entertainment",0.5,"Pitlochry & Aberfeldy, Perthshire",Pitlochry,NN 923 565,FM,C204
103.9,Radio 4 FM,BBC,"Talk, News, Entertainment",0.032,"Warrenpoint, Northern Ireland",Rostrevor Forest,IJ 189 176,FM,C204
103.9,Radio 4 FM,BBC,"Talk, News, Entertainment",0.2,"Kilkeel, Northern Ireland",Kilkeel,IJ 281 180,FM,C204
103.9,Radio Cornwall,BBC,Mixed Format,17.8,West Cornwall,Redruth,SW 690 394,FM,C411
103.9,Radio Lancashire,BBC,Mixed Format,1.82,"West, South & Central Lancs",Winter Hill,SD 660 144,FM,C514
103.9,Radio Leeds,BBC,Mixed Format,0.1,Leeds,Beecroft Hill,SE 237 350,FM,CE14
103.9,Radio Suffolk,BBC,Mixed Format,5,South Suffolk,Manningtree,TM 123 295,FM,CA11
103.9,Radio Wales,BBC,Mixed Format,40,South Wales,Wenvoe,ST 110 742,FM,C418
103.9,Radio nan Gaidheal,BBC,Gaelic,50,"E Lewis, N Skye & W Highland",Melvaig,NG 757 900,FM,C316
103.9,C103,Onic,"Adult, Oldies, I&C, Talk",0.1,"Clonakilty, SW County Cork",Clonakilty,,FM,E9C1
103.9,Tipp FM,Irish Ind,Adult,2,North County Tipperary,Kilduff,,FM,E2C1
103.9,Voice FM,Community,New Music (Student),0.1,Southampton,Southampton Solent U,SU 422 122,FM,
103.9,Europe 1,France,French Talk,,"Boulogne, France (5)","Boulogne, France",,FM,F206
104.0,Radio 4 FM,BBC,"Talk, News, Entertainment 250.000",,Ceredigion & SW Gwynedd,Blaenplwyf,SN 569 756,FM,C204
104.0,BBC CWR,BBC,Mixed Format,0.05,"Nuneaton, Warwickshire",Nuneaton,SP 340 938,FM,C813
104.0,BBC Hereford and Worcester,BBC,Mixed Format,2,Worcestershire,Great Malvern,SO 774 464,FM,C513
104.0,Radio Surrey,BBC,Mixed Format,4,North Sussex and East Surrey,Reigate,TQ 256 521,FM,CE12
104.0,Radio nan Gaidheal,BBC,Gaelic,0.57,"Largs, Rothesay, Clyde Mouth",Rothesay,NS 125 691,FM,C316
104.0,Radio nan Gaidheal,BBC,Gaelic,0.035,"Kingussie, Highland",Kingussie,NN 769 985,FM,C316
104.0,HCR FM,Community,Mixed Format,0.05,Huntingdon,Huntingdon,TL 248 726,FM,
104.0,iRadio,Bauer,Contemporary,1,West County Donegal,Arranmore Island,,FM,ECC0
104.0,Community Radio Youghal,Irish Community,Mixed Format,0.02,"Youghal, Cork",Youghal,,FM,
104.1,Radio 4 FM,BBC,"Talk, News, Entertainment",0.05,"Deiniolen & Llanberis, Gwynedd",Deiniolen,SH 576 621,FM,C204
104.1,Radio 4 FM,BBC,"Talk, News, Entertainment",0.05,Dumbarton & Alexandria,Millburn Muir,NS 378 796,FM,C204
104.1,Radio Berkshire,BBC,Mixed Format,4,N Hampshire & W Berkshire,Hannington,SU 527 568,FM,CD11
104.1,Radio Cumbria,BBC,Mixed Format,0.97,West Cumbria,Whitehaven,NX 992 123,FM,C714
104.1,Radio Cumbria,BBC,Mixed Format,0.06,"Keswick, Cumbria",Keswick Forest,NY 223 244,FM,C714
104.1,Radio Sheffield,BBC,Mixed Format,4.4,South Yorkshire & North Notts,Holme Moss,SE 095 041,FM,CF14
104.1,Radio Shropshire,BBC,Mixed Format,0.04,South West Shropshire,Clun,SO 324 799,FM,C61A
104.1,Radio Stoke,BBC,Mixed Format,0.07,Stafford,Stafford,SJ 923 232,FM,CC13
104.1,Radio Cymru,BBC,Welsh,0.01,Blaenavon & Abersychan,Blaenavon,SO 277 063,FM,C327
104.1,Radio nan Gaidheal,BBC,Gaelic,2.5,Lothian and Fife,Craigkelly,NT 233 872,FM,C316
104.1,Shannonside 104 FM,Radio Kerry,"Adult, Oldies, I&C, Talk",2,Roscommon/Long'd/S Leitrim,Slieve Bawn,,FM,E1C2
104.2,Radio Cumbria,BBC,Mixed Format,0.064,"Windermere & Ambleside, Cmb",Windermere,SD 383 980,FM,C714
104.2,Radio Kent,BBC,Mixed Format,11,East Kent,Swingate,TR 334 429,FM,CE12
104.2,Radio Northampton,BBC,Mixed Format,4,Northamptonshire,Northampton,SP 760 647,FM,C613
104.2,Radio Cymru,BBC,Welsh,0.926,Swansea area,Kilvey Hill,SS 672 940,FM,C327
104.2,Radio nan Gaidheal,BBC,Gaelic 150.000,,Aberdeenshire,Meldrum,NJ 760 329,FM,C316
104.2,Radio nan Gaidheal,BBC,Gaelic,1,South Uist,Daliburgh,NF 736 216,FM,C316
104.2,Radio nan Gaidheal,BBC,Gaelic,0.018,"Strachur & Inveraray, Strathcl",Strachur,NN 094 027,FM,C316
104.2,Radio nan Gaidheal,BBC,Gaelic,4,"Fort William area, Highland",Fort William,NN 117 772,FM,C316
104.2,Three FM,Independent,"Adult, Oldies",0.05,"Port Erin, Isle of Man",Cronk ny Arrey,SC 193 670,FM,C4A0
104.2,Three FM,Independent,"Adult, Oldies",0.05,"Ramsay, Isle of Man",Ramsay,SC 449 947,FM,C4A0
104.2,Segdgemoor FM,Community,Mixed Format,0.17,"Bridgwater, Somerset",Westfield House,ST 294 367,FM,
104.2,Classic Hits Radio,"Bay BroadcastingOldies,","Easy, Talk",2,West County Limerick,Woodcock Hill,,FM,EFC1
104.2,Classic Hits Radio,"Bay BroadcastingOldies,","Easy, Talk",1,West County Galway,Clifden,,FM,EFC1
104.2,Red FM,Bauer (Ireland),"Contemporary, Dance",0.2,"Cobin & Monkstown, County Cork",Coolsallagh,,FM,EBC1
104.3,Radio 4 FM,BBC,"Talk, News, Entertainment",10,Ayrshire,Darvel,NS 557 341,FM,C204
104.3,Radio 4 FM,BBC,"Talk, News, Entertainment",0.006,"Rhondda Valley, South Wales",Ton Pentre,SS 960 955,FM,C204
104.3,Radio Devon,BBC,Mixed Format,1,Torbay,Beacon Hill,SX 857 620,FM,C812
104.3,Radio Wiltshire,BBC,Mixed Format,0.715,West Wiltshire,Naish Hill,ST 947 686,FM,CA13
104.3,Radio York,BBC,Mixed Format,0.5,Thirsk & Northallerton area,Woolmoor,SE 457 881,FM,C914
104.3,Radio Cymru,BBC,Welsh,16,"NE Wales, Merseyside, Cheshire",Llangollen,SJ 209 488,FM,C327
104.3,Radio Cymru,BBC,Welsh,0.01,"Abertillery, South Wales",Abertillery,SO 244 023,FM,C327
104.3,Radio nan Gaidheal,BBC,Gaelic,2,Isle of Lewis,Eitshal,NB 305 302,FM,C316
104.3,Radio nan Gaidheal,BBC,Gaelic,0.01,"Portree, Skye",Penifiler,NG 489 417,FM,C316
104.3,Radio nan Gaidheal,BBC,Gaelic,0.014,"Mallaig, Highland",Mallaig,NM 676 965,FM,C316
104.4,Radio 4 FM,BBC,"Talk, News, Entertainment",0.05,"Conwy & Llandudno, N Wales",Conwy,SH 781 765,FM,C204
104.4,Radio 4 FM,BBC,"Talk, News, Entertainment",0.088,"Newcastle Emlyn area, Ceredigion",Llandyfriog,SN 348 412,FM,C204
104.4,Radio Berkshire,BBC,Mixed Format,1,Reading,"Fountain Ho, Reading",SU 711 733,FM,CD11
104.4,BBC Hereford and Worcester,BBC,Mixed Format,0.1,Redditch area,Headless Cross,SP 038 661,FM,C513
104.4,Radio Newcastle,BBC,Mixed Format,0.042,"West Tyneside, Tyne & Wear",Fenham,NZ 216 648,FM,CA14
104.4,Radio Norfolk,BBC,Mixed Format,3.67,West Norfolk,Great Massingham,TF 788 228,FM,C911
104.4,Radio Cymru,BBC,Welsh,0.01,"Llyswen area, Powys",Llyswen,SO 137 361,FM,C327
104.4,Radio nan Gaidheal,BBC,Gaelic,0.01,"Kinlochleven, Highland",Kinlochleven,NN 178 630,FM,C316
104.4,Radio nan Gaidheal,BBC,Gaelic,0.2,"Penicuik, Lothian",Penicuik,NT 229 597,FM,C316
104.4,Chelmsford Community Radio,Community,Mixed Format,0.05,Chelmsford,Chelmsford,TL 706 069,FM,
104.4,Resonance FM,Community,Experimental,0.05,Central London,Guys Hospital Tower,TQ 329 800,FM,
104.4,Seaside Radio,Community,Mixed Format,0.08,"Mid Holderness, East Yorkshire",Garton GT Motor EngineersTA,265 355,FM,CFA5
104.4,West Somerset Radio,Community,Mixed Format,0.05,Minehead,Minehead North,SS 964 473,FM,
104.4,BFBS Gurkha Radio,Community,Nepali,,"Holywood, Northern Ireland",Palace Barracks,IJ 392 777,FM,C262
104.4,East Coast Radio,Irish Ind,"Adult, Talk",0.1,"Arklow, County Wicklow","Barranisky E, Arklow",,FM,E7C1
104.4,FM 104,Onic,Contemporary,5,Dublin Region,Three Rock,,FM,E8C0
104.4,iRadio,Bauer,Contemporary,5,"Co Sligo, N Leitrim, S Donegal",Truskmore,,FM,ECC0
104.4,NOS Radio 1,NOS,"Dutch News, Talk",50,"Zeeland, Netherlands (4)","Goes, Netherlands",,FM,
104.5,Radio 4 FM,BBC,"Talk, News, Entertainment",0.042,"Dee Valley, Aberdeenshire",Tullich,NO 379 984,FM,C204
104.5,Radio Derby,BBC,Mixed Format,3.8,South Derbyshire & East Staffs,Drum Hill,SK 375 425,FM,C613
104.5,Radio Lancashire,BBC,Mixed Format,2.1,North Lancashire,Lancaster,SD 490 662,FM,C514
104.5,Radio Sussex,BBC,Mixed Format,10,East Sussex,Heathfield,TQ 566 220,FM,CF12
104.5,Three Counties Radio,BBC,Mixed Format,2.2,Milton Keynes area,Bow Brickhill,SP 914 342,FM,C511
104.5,Radio Cymru,BBC,Welsh,0.01,"Cwmafan, South Wales",Cwmafan,SS 798 936,FM,C327
104.5,Radio Cymru,BBC,Welsh,0.01,"Porth area, South Wales",Porth,ST 029 919,FM,C327
104.5,Radio nan Gaidheal,BBC,Gaelic,0.964,Perth area,Kirkton Mailer,NO 102 210,FM,C316
104.5,CVFM,Community,Mixed Format,0.025,Middlesbrough,Middlesbrough,NZ 494 199,FM,
104.5,Ninesprings Radio,Community,Mixed Format,0.1,"Yeovil area, Somerset","Huish Park, Yeovil",ST 528 170,FM,CEA5
104.5,Highland Radio,Bauer (Ireland),"Adult, Irish & Country, Talk",0.1,North Innishowen,Back Mountain,,FM,EDC0
104.5,Red FM,Irish Ind,Contemporary,5,West County Cork,Nowen Hill,,FM,EBC1
104.6,Radio 4 FM,BBC,"Talk, News, Entertainment",4,South East Northern Ireland,Camlough,IJ 055 246,FM,C204
104.6,Radio 4 FM,BBC,"Talk, News, Entertainment",0.1,Eyemouth and Border coast,Eyemouth,NT 947 599,FM,C204
104.6,Radio 4 FM,BBC,"Talk, News, Entertainment",0.1,"Colwyn Bay area, North Wales",Penmaen Rhos,SH 877 779,FM,C204
104.6,Radio Bristol,BBC,Mixed Format,0.082,Bath,Bath,ST 769 654,FM,C412
104.6,BBC Hereford and Worcester,BBC,Mixed Format,0.5,Kidderminster area,Kidderminster,SO 808 739,FM,C513
104.6,Radio Manchester,BBC,Mixed Format,0.1,"Upper Tame Valley, Gt Mancs",Saddleworth,SD 987 050,FM,C414
104.6,Radio Surrey,BBC,Mixed Format,4,West Surrey and NE Hampshire,Guildford,SU 975 486,FM,CE12
104.6,Radio Suffolk,BBC,Mixed Format,1.9,West Suffolk,Great Barton,TL 886 686,FM,CA11
104.6,Radio Cymru,BBC,Welsh,3,Carmarthenshire,Carmel,SN 576 153,FM,C327
104.6,Radio Cymru,BBC,Welsh,0.03,"Ebbw Vale & Tredegar, S Wales",Ebbw Vale,SO 159 088,FM,C327
104.6,Radio Cymru,BBC,Welsh,0.01,"Llangeinor, Pontycymer, M Gm",Llangeinor,SS 905 886,FM,C327
104.6,Radio nan Gaidheal,BBC,Gaelic,10,"Thurso & Wick area, Highland",Rumster Forest,ND 197 385,FM,C316
104.6,Radio nan Gaidheal,BBC,Gaelic,5,"Oban area, Highland",Oban,NM 850 290,FM,C316
104.6,Vectis Radio,Community,Mixed Format,0.095,"Newport, Isle of Wight",Newport Golf Course,SZ 511 873,FM,
104.6,Classic Hits Radio,"Bay BroadcastingOldies,","Easy, Talk",50,West Ireland,Maghera,,FM,EFC1
104.6,Shannonside 104 FM,Radio Kerry,"Adult, Oldies, I&C, Talk",0.1,West Roscommon,Fairymount,,FM,E1C2
104.7,Radio 4 FM,BBC,"Talk, News, Entertainment",0.042,"Aberdare area, South Wales",Aberdare,SO 034 013,FM,C204
104.7,Radio 4 FM,BBC,"Talk, News, Entertainment",0.01,"Brecon, Powys",Brecon,SO 030 299,FM,C204
104.7,Radio Gloucestershire,BBC,Mixed Format,2,Gloucester/ Cheltenham area,Churchdown Hill,SO 880 188,FM,CB12
104.7,Radio Lincolnshire,BBC,Mixed Format,0.05,"Grantham, Lincolnshire",Grantham,SK 905 337,FM,CB13
104.7,Radio Cymru,BBC,Welsh,0.25,"Deeside, North Wales",Treffynnon,SJ 181 771,FM,C327
104.7,Radio nan Gaidheal,BBC,Gaelic,30,"Skye, Harris, East N & S Uist",Skriaig,NG 451 408,FM,C316
104.7,Radio nan Gaidheal,BBC,Gaelic,10,Glasgow and Clydeside area,Black Hill,NS 828 647,FM,C316
104.7,Radio nan Gaidheal,BBC,Gaelic,1,"Fort Augustus area, Highland",Fort Augustus,NH 361 049,FM,C316
104.7,Radio nan Gaidheal,BBC,Gaelic,0.72,"Speyside, Highland",Grantown,NJ 003 267,FM,C316
104.7,Greatest Hits Radio,Bauer,Oldies,2.5,Central & S North Yorkshire,Acklam Wold,SE 795 619,FM,C2D4
104.7,Island FM,Tindle,Adult,1.25,Guernsey,Les Touillets,CI 582 511,FM,C2A1
104.7,Abbey 104,Community,Mixed Format,0.025,"Sherborne, Dorset",Sherborne,ST 640 179,FM,
104.7,Caroline Coastal,Community,Mixed Format,0.075,Burnham on Crouch & Southminster,Althorne,TQ 911 988,FM,
104.7,Castledown FM,Community,Mixed Format,0.05,"Ludgershall and Tidworth, Wiltshire",Ludgershall,SU 254 503,FM,
104.7,Horizon Radio,Community,Mixed Format,0.14,Northampton,Northampton Moulton Pk,SP 768 646,FM,
104.7,Rossendale Radio,Community,Mixed Format,0.05,"Rossendale, Lancashire",Hardmans Business CentreSD,805 223,FM,
104.7,Brill Oldies Radio,RSL,Oldies,5e-05,"Brill, Bucks",Brill,SP 655 138,FM,
104.7,Highland Radio,Bauer (Ireland),"Adult, Irish & Country, Talk",0.1,East Inishowen,Moville,,FM,EDC0
104.7,Highland Radio,Bauer (Ireland),"Adult, Irish & Country, Talk",0.05,"Ardara & Glenties, Donegal",Mulmosog,,FM,EDC0
104.7,iRadio,Bauer,Contemporary,1,"S Meath, N Kildare, W Wicklow",Saggart,,FM,ECC0
104.7,France Inter,Radio France,French Mixed format,5,"Calais, France (6)","Calais, France",,FM,F201
104.8,Radio 4 FM,BBC,"Talk, News, Entertainment",0.25,"Barmouth area, Gwynedd",Llwyn Onn,SH 625 175,FM,C204
104.8,Radio 4 FM,BBC,"Talk, News, Entertainment",0.05,"Pontypool & Cwmbran, S Wales",Pontypool,ST 284 990,FM,C204
104.8,Radio 4 FM,BBC,"Talk, News, Entertainment",0.01,"Vale of Neath, South Wales",Rheola,SN 841 061,FM,C204
104.8,Radio 4 FM,BBC,"Talk, News, Entertainment",0.005,"Llanidloes, Powys",Llanidloes,SN 948 844,FM,C204
104.8,Radio Sussex,BBC,Mixed Format,2,West Sussex,Burton Down,SU 965 131,FM,CF12
104.8,Biggles FM,Community,Mixed Format,0.1,"Biggleswade and Sandy, Beds",Potton,TL 216 490,FM,
104.8,Radio Leyland,Community,Mixed Format,0.05,"Leyland, Lancashire",Leyland- Farington,SD 548 231,FM,
104.8,iRadio,Bauer,Contemporary,2,Cavan and South Monaghan,Sliebh Glah,,FM,ECC0
104.8,Tipperary Mid West Radio,Irish Community,Mixed Format,5,South West Co Tipperary,Dangandargan,,FM,
104.9,Radio 4 FM,BBC,"Talk, News, Entertainment",20,Pembrokeshire,Haverfordwest,SN 028 261,FM,C204
104.9,Radio 4 FM,BBC,"Talk, News, Entertainment",1,South West Stirlingshire,Ben Gullipen,NN 598 045,FM,C204
104.9,Radio 4 FM,BBC,"Talk, News, Entertainment",0.1,"Porthmadog area, Gwynedd",Llandecwyn,SH 644 371,FM,C204
104.9,Radio 4 FM,BBC,"Talk, News, Entertainment",0.01,Hay on Wye area,Clyro,SO 204 432,FM,C204
104.9,Radio 4 FM,BBC,"Talk, News, Entertainment",0.01,"Betws-y-Coed, Llanrwst, N Wales",Betws-y-Coed,SH 825 582,FM,C204
104.9,Radio Leicester,BBC,Mixed Format,8,Leicestershire,Copt Oak,SK 483 126,FM,C611
104.9,Radio Wiltshire,BBC,Mixed Format,0.1,"Marlborough area, Wilts",Marlborough,SU 209 688,FM,CA13
104.9,Radio Cymru,BBC,Welsh,0.02,"Rhymney area, South Wales",Rhymney,SO 127 042,FM,C327
104.9,Radio Cymru,BBC,Welsh,0.01,"Ferndale, South Wales",Ferndale,ST 006 970,FM,C327
104.9,Radio nan Gaidheal,BBC,Gaelic,20,Inverness & Moray Firth area,Rosemarkie,NH 762 623,FM,C316
104.9,Radio nan Gaidheal,BBC,Gaelic,0.2,Ness of Lewis,Ness of Lewis,NB 533 603,FM,C316
104.9,Radio nan Gaidheal,BBC,Gaelic,0.065,South Islay (mono),Port Ellen,NR 338 452,FM,C316
104.9,Radio nan Gaidheal,BBC,Gaelic,0.05,"Ullapool, Highland",Ullapool,NH 142 935,FM,C316
104.9,Radio nan Gaidheal,BBC,Gaelic,0.05,"Corran and Onich, Highland",Ardgour,NM 989 626,FM,C316
104.9,Greatest Hits Radio,Bauer,Oldies,0.32,South & Central Gt Manchester,Ratcliffe Towers,SJ 897 898,FM,C2D4
104.9,Radio X,Global Radio,Modern Rock,2.9,London area,Crystal Palace,TQ 339 712,FM,C2C3
104.9,Sunshine Radio,Community,Christian,0.025,East Belfast,Lower Braniel Road,IJ 390 721,FM,C5E1
104.9,Dales Radio,Community,Mixed Format,0.05,"Settle area, North Yorkshire",Giggleswick,SD 802 644,FM,C8A5
104.9,Dales Radio,Community,Mixed Format,0.05,"Grassington area, N Yorkshire",Grassington,SE 086 647,FM,C8A5
104.9,Dales Radio,Community,Mixed Format,0.05,"Leyburn area, N Yorkshire",Leyburn,SE 106 910,FM,C8A5
104.9,Dales Radio,Community,Mixed Format,0.05,"Sedbergh, Cumbria",Sedbergh Town,SD 657 918,FM,C8A5
104.9,Dover Community Radio,Community,Mixed Format,0.05,"Dover, Kent",Guston,TR 321 436,FM,
104.9,Classic Hits Radio,"Bay BroadcastingOldies,","Easy, Talk",5,Galway County and City,Mervue,,FM,EFC1
105.0,Three FM,Independent,"Adult, Oldies",2,South and East IOM,Carnane,SC 372 746,FM,C4A0
105.0,Ashdown Radio,Community,Mixed Format,0.3,"Uckfield, Sussex",Uckfield,TQ 484 208,FM,
105.0,Blyth Valley Radio,Community,Mixed Format,0.025,"Southwold, Suffolk",Reydon,TM 490 770,FM,
105.0,Wrexham Premier Radio,Community,Mixed Format,0.08,Wrexham,Wrexham Ty Pawb,SJ 337 504,FM,
105.0,Cambridge 105,Community,Mixed Format,0.025,Cambridge,Cambridge,TL 455 577,FM,
105.0,Zetland FM,Community,Mixed Format,0.025,Redcar and East Teesside,Park Farm Dunsdale,NZ 601 198,FM,
105.0,iRadio,Bauer,Contemporary,4.9,County Louth & NE Co Meath,Mount Oriel,,FM,ECC0
105.0,Ocean FM,Irish Ind,"Adult, Irish & Country, Talk",5,South Donegal,Mount Charles,,FM,EEC0
105.0,Ocean FM,Irish Ind,"Adult, Irish & Country, Talk",0.2,"Tobercurry, South West Sligo",Tobercurry,,FM,EEC0
105.1,Capital (Yorkshire),Global Radio,Contemporary,2.58,"West and South Yorkshire, York",Emley Moor,SE 222 128,FM,CAC0
105.1,Radio Essex,Adventure,Contemporary,0.476,"Southend, Essex",Southend Telephone Exch,TQ 874 859,FM,
105.1,Heart South West,Global Radio,Pop Hits from 90s to present,2.5,East Cornwall and West Devon,Caradon Hill,SX 273 707,FM,C5C8
105.1,Inspire FM,Community,Muslim,0.06,Luton,Luton Felpersham Court,TL 076 211,FM,
105.1,First FM,Community,Mixed Format,0.284,Oxford,Oxford Windrush Tower,SP 552 028,FM,
105.1,Mearns FM,Community,Mixed Format,0.049,"Portlethen area, Aberdeenshire",Portlethen,NO 924 966,FM,CCA3
105.1,Thornbury Radio,Community,Mixed Format,0.05,South Gloucestershire,Thornbury,ST 663 901,FM,
105.1,Red FM,Bauer (Ireland),Contemporary,0.1,"Youghal, Cork",Youghal,,FM,EBC1
105.2,Energy FM,Independent,Contemporary,0.05,"Maughold area, Isle of Man",Ballasaig,SC 472 908,FM,C3A0
105.2,Energy FM,Independent,Contemporary,0.04,"Port Erin, Isle of Man",Mull Hill,SC 190 676,FM,C3A0
105.2,Greatest Hits Radio,Bauer,Oldies,11,West Midlands,Sutton Coldfield,SK 113 003,FM,C2D4
105.2,Greatest Hits Radio,Bauer,"Oldies, Adult",10,"S Hampshire, W Sussex, IOW",Chillerton Down,SZ 475 835,FM,C2D4
105.2,Heart South Wales,Global Radio,Pop Hits from 90s to present,3,Carmarthenshire,Carmel,SN 576 153,FM,CCC8
105.2,Heart South Wales,Global Radio,Pop Hits from 90s to present,0.3,Abergavenny & Usk Valley,Abergavenny,SO 244 126,FM,CCC8
105.2,Smooth Radio Scotland,Global Radio,"Oldies, Easy Listening",30,Glasgow and Clydeside area,Black Hill,NS 828 647,FM,CBD4
105.2,Park Radio,Community,Mixed Format,0.024,"Harleston, Norfolk",Harleston,TM 249 828,FM,
105.2,Red FM,Bauer (Ireland),Contemporary,0.2,"Kinsale, County Cork",Kinsale,,FM,EBC1
105.2,France Info,Radio France,French News 400.000,,"Nord Pas de Calais, France (1)","Lille, France",,FM,F202
105.3,Capital (North East),Global Radio,Contemporary,10,"Tyneside, N Durham, S Nthmb",Burnhope,NZ 184 474,FM,C7C0
105.3,Deveron FM,Community,Mixed Format,0.025,"Turriff & Aberchirder, Aberdeenshire",Turriff,NJ 713 495,FM,CBA3
105.3,Drive 105,Community,Mixed Format,0.025,Derry,Londonderry,IC 437 149,FM,
105.3,Seaside Radio,Community,Mixed Format,0.2,"Withernsea area, East Yorkshire",Withernsea,TA 342 280,FM,CFA5
105.3,10 Radio,Community,Mixed Format,0.025,"Wiveliscombe area, Somerset",Milverton,ST 106 262,FM,
105.3,Vibe FM,Community,Mixed Format,0.025,Enniskillen,Enniskillen,IH 237 440,FM,
105.3,WRFM,Community,Mixed Format,0.025,"Eynsham, Oxfordshire",Eynsham,SP 430 095,FM,C9A5
105.3,WRFM,Community,Mixed Format,0.025,"Wychwood and Chilson, Oxon",Ascott-under-Wychwood,SP 289 191,FM,C9A5
105.3,Zack FM,Community,Mixed Format,0.1,"Forest Heath, Suffolk",Mildenhall St Mary's Ch,TL 710 746,FM,
105.4,Capital (Midlands),Global Radio,Contemporary,5,Leicestershire and Rutland,Skeffington,SK 739 036,FM,C4C0
105.4,Heart North West,Global Radio,Pop Hits from 90s to present,5,North West England,Winter Hill,SD 660 144,FM,C6C8
105.4,Heart North West,Global Radio,Pop Hits from 90s to present,0.002,Mersey Tunnel,Mersey Tunnel,SJ 340 902,FM,C6C8
105.4,Heart South Wales,Global Radio,Pop Hits from 90s to present,5,Cardiff and Vale of Glamorgan,St Hilary,ST 026 741,FM,CCC8
105.4,Magic,Bauer,Classic Adult Hits,4,London area,Croydon,TQ 332 696,FM,C2C4
105.4,Magic,Bauer,Classic Adult Hits,,"Dartford Tunnel, Kent-Essex",Dartford Tunnel,TQ 571 769,FM,C2C4
105.4,Original (Tayside and Fife),DC Thompson,"Oldies, Adult",0.1,North East Fife,Allanhill Farm,NO 520 141,FM,C6B3
105.4,BFBS Gurkha Radio,Community,Nepali,0.025,Folkestone Kent,Shorncliffe MoD Tower TheTaR,196 358,FM,C262
105.4,Red FM,Bauer (Ireland),Contemporary,0.1,"Bantry, W County Cork",Bantry,,FM,EBC1
105.4,Red FM,Bauer (Ireland),Contemporary,0.1,"Fermoy, County Cork",Fermoy,,FM,EBC1
105.5,Greatest Hits Radio,Bauer,Oldies,1.16,Torbay,Beacon Hill,SX 857 620,FM,C2D4
105.5,Platform B,Community,New Music,0.05,Brighton,Sussex Heights Tower,TQ 306 042,FM,
105.5,Coast and County Radio,Community,Mixed Format,0.025,Whitby,Whitby Football Club,NZ 890 113,FM,CCA5
105.5,The Point,Community,Oldies,0.05,Milton Keynes,Milton Keynes Saxon Gate,SP 850 390,FM,
105.5,Swindon 105,Community,Mixed Format,0.025,Swindon,Swindon Football Stadium,SU 159 850,FM,
105.5,WCR,Community,Mixed Format,0.05,Warminster,Warminster,ST 873 451,FM,
105.5,Today FM,Bauer (Ireland),"Adult, Talk",47,"NE Ireland, SE Northern Ireland",Clermont Carn,,FM,E5C0
105.5,France Info,Radio France,French News,50,"Basse Normandie, France (2)","Caen, France",,FM,F202
105.5,France Info,Radio France,French News,,"Bretagne, France (3)","Rennes & Brest, France",,FM,F202
105.6,Capital (North East),Global Radio,Contemporary,0.05,"West Tyneside, Tyne & Wear",Fenham,NZ 216 648,FM,C7C0
105.6,Capital (Yorkshire),Global Radio,Contemporary,0.5,Bradford area,Idle,SE 163 374,FM,CAC0
105.6,Capital (Yorkshire),Global Radio,Contemporary,0.25,Sheffield and Rotherham,"Tapton Hill, Sheffield",SK 324 870,FM,CAC0
105.6,Greatest Hits Radio,Bauer,Oldies,1,S & Central Cambridgeshire,"Madingley, Cambridge",TL 392 594,FM,C2D4
105.6,Greatest Hits Radio,Bauer,Oldies,0.1,"Newbury, Berkshire",Newbury,SU 452 648,FM,C2D4
105.6,Greatest Hits Radio,Bauer,Oldies,0.43,Yeovil area,Charlock Hill,ST 614 180,FM,C2D4
105.6,KM-FM,Kent Messenger,Contemporary,0.5,Maidstone,Bluebell Hill,TQ 757 613,FM,C5DF
105.6,Chaos,Community,Mixed Format,0.025,"St Austell, Cornwall",St Austell Sreda,SX 022 547,FM,
105.6,Dean Radio,Community,Mixed Format,0.025,"Cinderford area, Gloucestershire","Belle Vue, Cinderford",SO 658 140,FM,
105.6,iRadio,Bauer,Contemporary,0.25,Athlone,Athlone,,FM,ECC0
105.6,iRadio,Bauer,Contemporary,0.25,"Birr, County Offaly",Birr,,FM,ECC0
105.6,France Info,Radio France,French News,1,"Calais, France (6)","Calais, France",,FM,F202
105.7,Capital (Scotland),Communicorp,Contemporary,10,Lothian and Fife,Craigkelly,NT 233 872,FM,CBC0
105.7,Heart North Wales,Communicorp,Pop Hits from 90s to present,1.25,North Wales Coast,Great Orme Head,SH 766 834,FM,CDC8
105.7,Heart South Wales,Global Radio,Pop Hits from 90s to present,9.4,Pembrokeshire,Presely,SN 172 306,FM,CCC8
105.7,Smooth Radio (West Midlands),Global Radio,"Oldies, Easy Listening",11,West Midlands region,Sutton Coldfield,SK 113 003,FM,C5D4
105.7,Ipswich Community Radio,Community,Mixed Format,0.03,Ipswich,Ipswich Hospital,TM 193 448,FM,
105.7,Mearns FM,Community,Mixed Format,0.15,"Stonehaven area, Aberdeenshire",Stonehaven,NO 875 846,FM,CCA3
105.7,Red FM,Bauer (Ireland),Contemporary,4.9,North County Cork,Nagles,,FM,EBC1
105.7,France Info,Radio France,French News 100.000,,"Haute Normandie, France (2)","Rouen, France",,FM,F202
105.8,Capital (North East),Global Radio,Contemporary,0.15,"Hexham & Tyne Valley, Nthmb",Newton,NZ 036 653,FM,C7C0
105.8,Capital (Yorkshire),Global Radio,Contemporary,9.4,East Yorkshire & N Lincolnshire,High Hunsley,SE 945 350,FM,CAC0
105.8,Greatest Hits Radio,Bauer,Oldies,4,London area,Crystal Palace,TQ 339 712,FM,C2D4
105.8,Greatest Hits Radio,Bauer,Oldies,,"Dartford Tunnel, Kent-Essex",Dartford Tunnel,TQ 571 769,FM,C2D4
105.8,Greatest Hits Radio,Bauer,Oldies,0.625,East Dorset,Poole,SZ 037 921,FM,C2D4
105.8,U105,Onic,"Oldies, Soft, Talk",0.96,Belfast Area,Black Mountain,IJ 278 727,FM,C7B6
105.8,Keynsham Town Comm R,Community,Mixed Format,0.26,"Keynsham, NE Somerset",Burnett Business Park,ST 668 661,FM,
105.8,Skylark Radio,Community,Experimental,0.2,"Dartmouth, Devon",Princetown,SX 583 742,FM,
105.8,News Talk 106-108 FM,Bauer (Ireland),"News, Talk",1,Offaly and Laois (m),Cappard,,FM,E6C0
105.9,Greatest Hits Radio,Bauer,Oldies,7.57,Merseyside and West Cheshire,Allerton Park,SJ 421 866,FM,C2D4
105.9,Heart South Wales,Global Radio,Pop Hits from 90s to present,1,Newport area,Christchurch,ST 353 896,FM,CCC8
105.9,Heart South Wales,Global Radio,Pop Hits from 90s to present,0.025,Merthyr Tydfil and Aberdare,Heolgerrig,SO 020 055,FM,CCC8
105.9,Sunshine Radio,Sunshine Group,"Adult, Oldies",0.5,Ludlow and N Herefordshire,Woofferton,SO 511 691,FM,C5E1
105.9,Bishop FM,Community,Mixed Format,0.1,"Bishop Auckland, Co. Durham",High Etherley,NZ 163 281,FM,
105.9,Deveron FM,Community,Mixed Format,0.025,"Portsoy & Cornhill, Aberdeenshire",Portsoy,NJ 599 659,FM,CBA3
105.9,Radio Folkestone,Community,Mixed Format,0.025,"Folkestone, Kent",Folkestone,TR 218 373,FM,
105.9,RNA FM,Independent,Mixed Music,0.025,"Monifieth, Angus",Monifieth High School,NO 484 322,FM,
106.0,Greatest Hits Radio,Bauer,Oldies,8,East Midlands,Copt Oak,SK 483 126,FM,C2D4
106.0,Heart South Wales,Global Radio,Pop Hits from 90s to present,1,Swansea area,Kilvey Hill,SS 672 940,FM,CCC8
106.0,Heart South Wales,Global Radio,Pop Hits from 90s to present,0.02,Carmarthen,Carmarthen,SN 412 213,FM,CCC8
106.0,Heart North Wales,Communicorp,Pop Hits from 90s to present,0.04,"Newtown, Powys",Llandinam,SO 050 877,FM,CDC8
106.0,KM-FM,Kent Messenger,Contemporary,0.23,Canterbury area,Rough Common,TR 125 598,FM,C5DF
106.0,Nation Radio (South),Nation,"Oldies, Adult",4,South Hampshire and Wight,Chillerton Down,SZ 475 835,FM,C5DA
106.0,Q Radio,Northern Media,Adult,0.6,"Cookstown & Maghera, N Ireland",Tulnagee Quarry,IH 824 874,FM,C6B6
106.0,Radio Wester Ross,Independent,Mixed Music,0.6,"Loch Gairloch, West Highland",Port Henderson,NG 763 940,FM,C7A3
106.0,News Talk 106-108 FM,Bauer (Ireland),"News, Talk",5,Dublin Region (mono),Three Rock,,FM,E6C0
106.0,News Talk 106-108 FM,Bauer (Ireland),"News, Talk",1,SE Tipperary & N Waterford (m),Clonmel,,FM,E6C0
106.1,Capital (Scotland),Communicorp,Contemporary,20,Glasgow and Clydeside area,Black Hill,NS 828 647,FM,CBC0
106.1,South Wales,Global Radio,Pop Hits from 90s to present,0.02,"Ebbw Vale & Tredegar, South WalesHeart",Ebbw Vale,SO 159 088,FM,
106.1,Hits Radio,Bauer,"Contemporary, 10s, 00s",4,East Norfolk and NE Suffolk,Stoke Holy Cross,TG 258 026,FM,C2D2
106.1,XS Manchester  Radio X 90s,Communicorp,"Rock, Talk  90s Rock",1,Greater Manchester,Sunley Building,SJ 844 983,FM,
106.1,BFBS Brize Norton,Community,Contemp/Adult (for Army),0.027,"Brize Norton, Oxfordshire",RAF Brize Norton,SP 288 065,FM,
106.1,Bro Radio,Community,Mixed Format,0.03,"Penarth, South Wales",Penarth,ST 180 706,FM,CCDF
106.1,East Devon Radio,Community,Mixed Format,0.025,"Ottery St Mary area, Devon",Finnimore Industrial Est,TQ 343 723,FM,CBA5
106.1,Radio Newquay,Community,Mixed Format,0.2,"Newquay, Cornwall",Newquay Live Theatre,SW 829 601,FM,
106.1,Rhondda Community Radio,Community,Mixed Format,0.026,"Rhondda Valley, South Wales",Nant y Gwydden landfill,SS 981 943,FM,
106.1,The Voice,Community,Mixed Format,0.05,"Barnstaple, Devon",Barnstaple,SS 551 323,FM,CAA5
106.1,Red FM,Bauer (Ireland),Contemporary,10,Cork City and East County Cork,Churchfield,,FM,EBC1
106.1,Connemara Community R,Irish Community,Mixed Format,0.1,West County Galway,Tulligbeg,,FM,
106.2,Heart London,Global Radio,Pop Hits from 90s to present,4,London area,Croydon,TQ 332 696,FM,C2C8
106.2,Heart London,Global Radio,Pop Hits from 90s to present,,"Dartford Tunnel, Kent-Essex",Dartford Tunnel,TQ 571 769,FM,C2C8
106.2,Heart South Wales,Global Radio,Pop Hits from 90s to present,0.5,"Fishguard & Newport, Pembs",Fishguard,SM 944 391,FM,CCC8
106.2,Heart Yorkshire,Communicorp,Pop Hits from 90s to present,2.58,"West and South Yorkshire, York",Emley Moor,SE 222 128,FM,CAC8
106.2,Radio Skye,Independent,"Mixed Format, Gaelic",0.03,"Portree, Skye",Portree,NG 482 440,FM,C9A3
106.2,Radio Skye,Independent,"Mixed Format, Gaelic",0.1,"Sleat Peninsula, Skye",Sabhal Mòr Ostaig,NG 650 062,FM,C9A3
106.2,Sunshine 106.2,Sunshine Group,"Adult, Oldies",1.6,Herefordshire,Ridge Hill,SO 630 333,FM,C5E2
106.2,Three FM,Independent,"Adult, Oldies",0.324,Peel and West Isle of Man,Beary Peark,SC 295 832,FM,C4A0
106.2,Mearns FM,Community,Mixed Format,0.025,"Inverbervie, Aberdeenshire",Inverbervie,NO 828 717,FM,CCA3
106.2,Salaam Radio,Community,Muslim Community,0.04,Peterborough,Peterborough,TL 195 988,FM,
106.2,iRadio,Bauer,Contemporary,0.25,Offaly and Laois,Cappard,,FM,ECC0
106.2,iRadio,Bauer,Contemporary,0.25,"Dundalk area, County Louth",Dundalk,,FM,ECC0
106.2,iRadio,Bauer,Contemporary,0.25,Drogheda,Drogheda,,FM,ECC0
106.2,France Bleu Nord,Radio France,French Oldies,1,"Calais, France (6)","Calais, France",,FM,F241
106.3,Bridge FM,Nation,"Adult, Oldies",0.5,Bridgend area,Mynydd Baeden,SS 972 855,FM,CCDB
106.3,Dee FM,Dee Radio,"Adult, Oldies",0.13,Chester/ South Flintshire,The Steam Mill,SJ 413 666,FM,
106.3,Original (Tayside and Fife),DC Thompson,"Oldies, Adult",0.15,South East Fife,East Neuk,NO 568 088,FM,C6B3
106.3,Original 106,DC Thompson,"Oldies, Adult",0.175,"Peterhead area, Aberdeenshire",Peterhead FC,NK 122 467,FM,C7B3
106.3,Original 106,DC Thompson,"Oldies, Adult",0.025,Aberdeen,Balgownie,NJ 927 104,FM,C7B3
106.3,Q Radio,Northern Media,Adult,0.031,"Maghera, Northern Ireland",Seefin Hill,IC 817 027,FM,C6B6
106.3,Cando FM,Community,Mixed Format,0.015,"Barrow-in-Furness, Cumbria",Barrow-in-Furness,SD 1986 91,FM,
106.3,Keep 106,Community,"Oldies, Easy Listening",0.096,"Dorchester, Dorset",Bincombe Barn,SY 677 858,FM,
106.3,MKFM,Community,Mixed Format,0.05,Milton Keynes,Milton Keynes Saxon Gate,SP 851 391,FM,CBA5
106.3,Vanny Radio,Community,Rhythmic Contemporary,0.01,Coventry,William Batchelor House,SP 334 796,FM,
106.4,Capital (North East),Global Radio,Contemporary,9.55,"Teesside, S Durham, N Yorks",Bilsdale,SE 553 962,FM,C7C0
106.4,Greatest Hits Radio,Bauer,Oldies,20,"Suffolk, South Norfolk, NE Essex",Mendlesham,TM 122 641,FM,C2D4
106.4,Greatest Hits Radio,Bauer,Oldies,0.25,"Buxton, Derbyshire",Buxton,SK 060 753,FM,C2D4
106.4,Greatest Hits Radio,Bauer,Oldies,0.25,"Glossop area, Derbyshire",Glossop,SK 022 953,FM,C2D4
106.4,Greatest Hits Radio,Bauer,Oldies,0.1,Andover area,Andover,SU 372 445,FM,C2D4
106.4,Greatest Hits Radio,Bauer,Oldies,0.03,"Bicester, Oxfordshire",Bicester,SP 592 231,FM,C2D4
106.4,Greatest Hits Radio,Bauer,Oldies,0.03,"Wallingford, Oxfordshire",Wallingford,SU 617 901,FM,C2D4
106.4,Greatest Hits Radio,Bauer,Oldies,0.03,"Wantage, Oxfordshire",Wantage,SU 398 878,FM,C2D4
106.4,Greatest Hits Radio,Bauer,Oldies,0.023,"Witney, Oxfordshire",Witney,SP 353 099,FM,C2D4
106.4,More Radio,MSH,"Adult, Oldies",0.39,Burgess Hill & Haywards Heath,Haywards Heath,TQ 338 229,FM,C6DF
106.4,Blast FM,Community,New Music,0.025,Belfast,Europa Hotel Belfast,IJ 335 738,FM,
106.4,Coast FM,Community,Mixed Format,0.025,"Coleraine, Northern Ireland",Ballygalley GC,ID 380 075,FM,C7A5
106.4,East Devon Radio,Community,Mixed Format,0.2,"Exemouth, Devon",Exemouth,SY 034 838,FM,CBA5
106.4,News Talk 106-108 FM,Bauer (Ireland),"News, Talk",0.5,North East County Cork (mono),Nagles,,FM,E6C0
106.4,Raidio Na Life,Irish Community,Irish,1,Dublin,Three Rock,,FM,
106.5,Argyll FM,Independent,"Adult, Contemporary",0.5,Campbeltown,Campbeltown,NR 742 212,FM,C5A3
106.5,Capital (North West),Global Radio,Contemporary,0.133,Preston and Leyland area,Bee Lane,SD 543 266,FM,C6C0
106.5,Greatest Hits Radio,Bauer,Oldies,0.5,Shrewsbury area,Shelton,SJ 465 135,FM,C2D4
106.5,Magic,Bauer,Classic Adult Hits,1,Bristol area,Dundry East,ST 573 665,FM,C2C4
106.5,BFBS Northern Ireland,Community,Contemp/Adult (for Army),0.025,"Aldergrave, Northern Ireland",RAF Aldergrave,IJ 154 797,FM,C261
106.5,Caithness FM,Community,Mixed Format,1.26,"Thurso & Wick area, Highland",Ben Dorrery,ND 063 551,FM,
106.5,Glow Radio,Community,Contemporary,0.2,NE Hampshire & NW Surrey,Farnborough Meads,SU869 555,FM,
106.5,Intobeats,Community,Rhythmic New Music,0.055,Bedford,Bedford Murdock Road,TL 044 517,FM,
106.5,TD1 Radio,Community,Mixed Format,0.04,"Galashiels, Scottish Borders",Galashiels Golf Club,NT 494 366,FM,
106.5,Welsh Coast Radio,Community,Mixed Format,0.05,NW Swansea,Tircoed,SN 620 001,FM,
106.5,France Info,Radio France,French News,1,"Boulogne, France (5)","Boulogne, France",,FM,F202
106.6,Greatest Hits Radio,Bauer,Oldies,0.04,"Chapel en-le-Frith, Derbyshire",Chapel en-le-Frith Quentin,RSK 062 809,FM,C2D4
106.6,Greatest Hits Radio,Bauer,Oldies,,North West Sussex,Midhurst,SU 912 250,FM,C2D4
106.6,Greatest Hits Radio,Bauer,Oldies,0.25,"Chard and Ilminster, Somerset",Windwhistle,ST 384 096,FM,C2D4
106.6,Nation Radio (South),Nation,"Oldies, Adult",0.5,Bournemouth area,West Howe,SZ 043 951,FM,C5DA
106.6,Nation Radio (South),Nation,"Oldies, Adult",0.02,Winchester,Crabwood Farm,SU 449 295,FM,C5DA
106.6,Original (Tayside and Fife),DC Thompson,"Oldies, Adult",0.254,Perth area,Kirkton Mailer,NO 102 210,FM,C6B3
106.6,Smooth Radio (East Midlands),Communicorp,"Oldies, Easy Listening",10.8,East Midlands and Lincoln,Waltham,SK 809 233,FM,C4D4
106.6,Three FM,Independent,"Adult, Oldies",0.202,Central Isle of Man,Snaefell,SC 397 881,FM,C4A0
106.6,Radio Wester Ross,Independent,Mixed Music,2,"Lochs Ewe & Maree, W Highland",Cliff Hill,NG 850 799,FM,C7A3
106.6,BCB,Community,Mixed Format,0.2,Bradford,Idle,SE 163 374,FM,
106.6,Colne Radio,Community,Mixed Format,0.025,"Wivenhoe, NE Essex",Wivenhoe,TM 043 226,FM,
106.6,Koast Radio,Community,Mixed Format,0.3,"Ashington, Northumberland",Ashington,NZ 283 866,FM,
106.6,North Manchester FM,Community,Mixed Format,0.1,North Manchester,Manchester Kentmere Ct,SD 875 035,FM,
106.6,Wycombe Sound,Community,Mixed Format,0.1,High Wycombe,High Wycombe,SU 851 926,FM,
106.6,Sunshine 106.8,Irish Ind,Easy Listening,0.1,"Balbriggan, North Co Dublin",Strifeland,,FM,
106.7,Clyde 1,Bauer,Contemporary,0.6,"Largs, Rothesay, Clyde Mouth",Rothesay,NS 125 691,FM,C4B3
106.7,Greatest Hits Radio,Bauer,Oldies,0.625,Plymouth area,Fort Staddon,SX 497 517,FM,C2D4
106.7,Heart Hertfordshire,Communicorp,Pop Hits from 90s to present,0.1,Stevenage area,Old Knebworth,TL 231 208,FM,CFC8
106.7,Coast and County Radio,Community,Mixed Format,0.15,"Malton area, North Yorkshire",Malton,SE 755 711,FM,CCA5
106.7,Kennet Radio,Community,Mixed Format,0.17,"Newbury, Berkshire",Newbury East,SU 489 681,FM,
106.7,Liverpool Community Radio,Community,Mixed Format,0.2,Liverpool,Liverpool Holt Road,SJ 371 908,FM,
106.7,Ribble FM,Community,Mixed Format,0.1,"Clitheroe, Lancashire",Clitheroe,SD 744 420,FM,
106.7,Radio Saltire,Community,Mixed Format,,"Musselborough area, E Lothian",,,FM,
106.7,West Kent Radio,Community,Mixed Format,0.075,"Tunbridge Wells, Kent",Tunbridge Wells Sankeys,TQ 583 398,FM,CAA5
106.7,Radio Wyvern,Community,"Pop, New Music",0.2,Worcester,Worcester Perry Wood Sc,SO 868 551,FM,
106.7,iRadio,Bauer,Contemporary,1,County Monaghan,Monaghan,,FM,ECC0
106.7,Tipperary Mid West Radio,Irish Community,Mixed Format,0.04,"Ballyknock, Co. Tipperary",Ballyknock Hill,,FM,
106.8,Greatest Hits Radio,Bauer,Oldies,0.27,Central and South Oxfordshire,Boars Hill,SP 483 030,FM,C2D4
106.8,Greatest Hits Radio,Bauer,Oldies,0.51,Wakefield area,Wakefield House Flats,SE 333 211,FM,C2D4
106.8,KM-FM,Kent Messenger,Contemporary,0.1,Dover area,Guston,TR 320 436,FM,C5DF
106.8,More Radio,MSH,"Adult, Oldies",0.1,"Lewes area, Sussex",Lewes County Hall,TQ 408 099,FM,C6DF
106.8,Nation Radio (North East),Nation,"Oldies, Adult",0.025,Bishop Auckland area,Middlestone,NZ 251 315,FM,C7DA
106.8,Nation Radio (Wales),Nation,"Oldies, Adult",4.54,Cardiff and South East Wales,Wenvoe,ST 110 742,FM,CCDA
106.8,Original 106,DC Thompson,"Oldies, Adult",18.55,East Aberdeenshire,Durris,NO 763 897,FM,C7B3
106.8,Smooth Radio (East Midlands),Communicorp,"Oldies, Easy Listening",0.1,Peterborough,Gunthorpe,TF 187 036,FM,C4D4
106.8,BFBS (Salisbury Plain),Community,Contemp/Adult (for Army),0.02,"Bulford, Tidworth, Netheravon",Bulford Camp,SU 195 429,FM,
106.8,Cumbernauld FM,Community,Mixed Format,0.03,"Cumbernauld, North Lanarkshire",Cumbernauld New CollegeNS,759 743,FM,
106.8,Phonic FM,Community,Mixed Format,0.025,Exeter,Exeter,SX 920 928,FM,
106.8,Rinse FM,Community,Rhythmic New Music,0.032,South Central London,Peregrine House,TQ 318 829,FM,
106.8,Radio Tamworth,Community,"Pop, New Music",0.025,"Tamworth, Staffordshire",Strode House,SK 204 039,FM,
106.8,BFBS Gurkha Radio,Community,Nepali,,"Woodbridge, Suffolk",,,FM,C262
106.8,Moonbeamers Drive-In part time,Cinema RSL,Film Soundtrack,5e-05,"Billericay, Essex",Barleylands Craft Village,TQ 695 919,FM,
106.8,Sunshine 106.8,Irish Ind,Easy Listening,5,County Dublin,Three Rock,,FM,
106.9,Heart Hertfordshire,Communicorp,Pop Hits from 90s to present,0.25,East and Central Herts,Cole Green,TL 287 116,FM,CFC8
106.9,Heart Hertfordshire,Communicorp,Pop Hits from 90s to present,0.05,"Hitchin and Letchworth, Herts",Letchworth,TL 209 313,FM,CFC8
106.9,Heart North Wales,Communicorp,Pop Hits from 90s to present,0.44,"Denbigh, Ruthin and Rhyl",Moel-y-Parc,SJ 123 701,FM,CDC8
106.9,Silk FM,Dee Radio,"Soft, Adult",0.3,East Cheshire,Sutton Common,SJ 933 676,FM,
106.9,BFBS (Catterick),Community,Contemp/Adult (for Army),0.025,"Catterick, North Yorkshire",Catterick Garrison,SE 181 984,FM,
106.9,Gulshan Radio,Community,Asian,0.032,Wolverhampton,Wolverhampton,SO 910 970,FM,
106.9,Humber Wave Radio,Community,Mixed Format,0.1,West Hull,Hull Royal Infirmary,TA 081 287,FM,
106.9,Nlive,Community,Mixed Format,0.05,Northampton,Northampton Fire Station,SP 756 610,FM,
106.9,SFM,Community,Mixed Format,0.2,"Sittingbourne, Kent",Sittingbourne Demelza H,TQ 876 647,FM,
106.9,Takeover Radio,Community,Childrens,0.025,Sutton in Ashfield area,Sutton in Ashfield,SK 495 587,FM,
106.9,Radio Winchcombe,Community,Mixed Format,0.02,"Bishop's Cleeve, Gloucestershire",Bishop's Cleeve,SO 971 273,FM,
106.9,News Talk 106-108 FM,Bauer (Ireland),"News, Talk",0.5,East Donegal & Derry area (mono),Holywell Hill,,FM,E6C0
106.9,News Talk 106-108 FM,Bauer (Ireland),"News, Talk",4.9,County Longford (mono),Cairn Hill,,FM,E6C0
107.0,Capital (North West),Global Radio,Contemporary,0.5,"Blackburn, Darwen, Accrington",Haslington Road,SD 696 267,FM,C6C0
107.0,Fosse 107,Independent,"Adult, Rock",0.1,Loughborough area,University Tower,SK 524 190,FM,C9A5
107.0,Greatest Hits Radio,Bauer,Oldies,0.1,Reading,Park Royal Water Tower,SU 663 729,FM,C2D4
107.0,Heart South West,Global Radio,Pop Hits from 90s to present,10.69,West Cornwall,Redruth,SW 690 394,FM,C5C8
107.0,Isle of Wight Radio,Independent,Adult,0.1,Isle of Wight,Chillerton Down,SZ 475 835,FM,C5A5
107.0,Q Radio,Northern Media,Adult,0.62,Ballymena and Antrim,Portglenone,ID 008 078,FM,C6B6
107.0,Sunshine 107,Sunshine Group,"Adult, Oldies",0.98,Monmouth area,Monmouth,SO 526 128,FM,
107.0,BFBS (Colchester),Community,Contemp/Adult (for Army),0.025,Colchester,Colchester Garrison,TL 989 242,FM,
107.0,Endeavour FM,Community,Mixed Format,0.5,"Boston, Lincolnshire",Boston Blackfriars Theatre,TF 329 439,FM,
107.0,K107,Community,Mixed Format,0.025,"Kirkcaldy, Fife",Kirkcaldy,NT 257 930,FM,
107.0,Meridian FM,Community,Mixed Format,0.025,"East Grinstead, Sussex",East Grinstead,TQ 398 385,FM,
107.0,Spark FM,Community,"Contemporary, New Music",0.025,Sunderland,Monkwearmouth,NZ 400 579,FM,
107.0,News Talk 106-108 FM,Bauer (Ireland),"News, Talk",1,West County Galway (mono),Clifden,,FM,E6C0
107.0,News Talk 106-108 FM,Bauer (Ireland),"News, Talk",0.2,East Wicklow (mono),Ballyguile,,FM,E6C0
107.0,News Talk 106-108 FM,Bauer (Ireland),"News, Talk",0.5,West County Limerick (mono),Woodcock Hill,,FM,E6C0
107.1,Argyll FM,Independent,"Adult, Contemporary",0.63,"W Kintyre, S Islay, Gigha",Ballygroggan,NR 629 189,FM,C5A3
107.1,Capital (Midlands),Global Radio,Contemporary,0.2,Rugby,Rugby Art Gallery,SP 502 751,FM,C4C0
107.1,Capital Xtra,Global Radio,Contemporary Rap and R&B,0.128,North London,Alexandra Palace,TQ 297 901,FM,C2C1
107.1,Greatest Hits Radio,Bauer,Oldies,0.1,"Oswestry, Shropshire",Selattyn,SJ 266 318,FM,C2D4
107.1,Greatest Hits Radio,Bauer,Oldies,0.1,"Pateley Bridge, North Yorks",Pateley Bridge,SE 142 651,FM,C2D4
107.1,Greatest Hits Radio,Bauer,Oldies,0.1,"Ilkley area, North Yorks",Windover Farm,SE 116 500,FM,C2D4
107.1,Greatest Hits Radio,Bauer,Oldies,0.015,"Skipton Town, North Yorks",Skipton Town,SD 994 517,FM,C2D4
107.1,Greatest Hits Radio,Bauer,Oldies,0.5,Doncaster area,Doncaster,SE 572 024,FM,C2D4
107.1,Hits Radio,Bauer,"Contemporary, 10s, 00s",0.15,Ely and Littleport area,Littleport,TL 567 879,FM,C2D2
107.1,Nation Radio (Wales),Nation,"Oldies, Adult",2.495,"Pembrokeshire, W Carmarthens",Preseli,SN 172 306,FM,CCDA
107.1,AHBS Community Radio,Community,"Mixed Format, Health",0.025,"Ashford, Kent",William Harvey Hospital,TR 041 421,FM,
107.1,Black Diamond FM,Community,Mixed Format,0.025,"Gorebridge, Midlothian",Halkerston Farm,NT 345 583,FM,
107.1,Raidio Failte,Community,Irish Language,0.29,Belfast,Belfast Divis Flats,IJ 330 744,FM,
107.1,Glastonbury FM,Community,Mixed Format,0.05,"Glastonbury, Somerset",Glastonbury,ST 506 392,FM,
107.1,GTFM,Community,Mixed Format,0.05,"Aberdare, South Wales",Aberdare Leisure Centre,SO 006 026,FM,CCE0
107.1,Radio Mac,Community,Muslim Community,0.025,Bradford,Bradford Richmond Bldg,SE 157 329,FM,
107.1,Quay FM,Community,Mixed Format,0.05,Alderney,Fort Albert,CI 868 805,FM,
107.1,Speysound Radio,Community,Mixed Format,0.132,Badenoch and Strathspey,Cairngorm Ski Lift,NJ 005 048,FM,
107.1,Radio Winchcombe,Community,Mixed Format,0.025,"Winchcombe, Gloucestershire",Winchcombe,SP 023 286,FM,
107.1,WRFM,Community,Mixed Format,0.02,"Faringdon, Oxfordshire",Faringdon Leisure Centre,SU 286 945,FM,C9A5
107.2,Capital Brighton,Global Radio,New Music,0.2,Brighton and Hove,Whitehawk Hill,TQ 330 045,FM,C8C0
107.2,Greatest Hits Radio,Bauer,Oldies,0.064,Rutland,Burley Water Tower,SK 892 112,FM,C2D4
107.2,Greatest Hits Radio,Bauer,Oldies,0.2,Kidderminster area,Kidderminster,SO 808 739,FM,C2D4
107.2,Greatest Hits Radio,Bauer,Oldies,0.4,"Warrington, Runcorn & Widnes",Fairclough Mill,SJ 596 880,FM,C2D4
107.2,Greatest Hits Radio,Bauer,Oldies,0.66,Bristol,Pur Down,St 610 764,FM,C2D4
107.2,Heart North Wales,Communicorp,Pop Hits from 90s to present,18.75,West and North Gwynedd,Arfon,SH 476 463,FM,CDC8
107.2,KM-FM,Kent Messenger,Contemporary,0.1,Thanet,Broadstairs,TR 374 674,FM,C5DF
107.2,Nation's Easy Radio,Nation,Easy Listening,0.2,Winchester area,Crabwood Farm,SU 449 295,FM,C5DA
107.2,Q Radio,Northern Media,Adult,0.25,"Dungannon area, Northern Ireland",Dungannon,IH 798 625,FM,C6B6
107.2,Radio Skye,Independent,"Mixed Format, Gaelic",0.1,"Staffin, Skye",Staffin Camping & CaravanNG,496 669,FM,C9A3
107.2,AIR,Community,Mixed Format,0.1,"Weymouth, Dorset",Portland Heights Hotel,SY 689 730,FM,
107.2,Amber Sound,Community,Mixed Format,0.025,"Ripley, Amber Valley, Derbys",Ripley,SK 398 504,FM,
107.2,Awaz FM,Community,Asian,0.025,Central Glasgow,Glasgow Dundasvale Ct,NS 587 663,FM,
107.2,Great Driffield Radio,Community,Mixed Format,0.2,"Driffield Area, East Yorkshire",Driffield Wold Farm,TA 014 618,FM,
107.2,Irvine Beat FM,Community,Mixed Format,0.1,"Irvine, Ayrshire",Irvine Cunninghame HouseNS,317 388,FM,
107.2,Red Kite Radio,Community,Mixed Format,0.08,Haddenham and Thame,Haddenham,SP 749 084,FM,
107.2,Radio Saltire,Community,Mixed Format,0.05,"Tranent area, East Lothian",Tranent,NT 405 728,FM,
107.2,West Kent Radio,Community,Mixed Format,0.015,"Bidborough, Kent",Bidborough,TQ 563 435,FM,CAA5
107.2,News Talk 106-108 FM,Bauer (Ireland),"News, Talk",3,Mid County Mayo (mono),Castlebar,,FM,E6C0
107.2,News Talk 106-108 FM,Bauer (Ireland),"News, Talk",1,North Kerry (mono),Knockmoyle,,FM,E6C0
107.2,News Talk 106-108 FM,Bauer (Ireland),"News, Talk",8,South East Ireland (mono),Mount Leinster,,FM,E6C0
107.2,News Talk 106-108 FM,Bauer (Ireland),"News, Talk",0.02,Athone (mono),Athlone,,FM,E6C0
107.3,Capital (Midlands),Global Radio,Contemporary,0.2,Warwick & Leamington Spa,Leamington Spa,SP 329 663,FM,C4C0
107.3,Radio Exe,Independent,"Adult, Oldies",2,Exeter area,St Thomas,SX 898 922,FM,C7A5
107.3,South Wales,Global Radio,Pop Hits from 90s to present,0.15,"Bargoed and Blackwood, South WalesHeart",Bargoed,SO 145 010,FM,
107.3,Heart North Wales,Communicorp,Pop Hits from 90s to present,0.07,"Prestatyn, North Wales",Gwaenysgor,SJ 077 817,FM,CDC8
107.3,Heartland FM,Independent,Mixed Music,0.106,"Crieff area, Perthshire",Crieff Hydro Hotel,NN 866 224,FM,C5A4
107.3,Hits Radio,Bauer,"Contemporary, 10s, 00s",0.02,"Saffron Walden, Essex",Saffron Walden,TL 536 380,FM,C2D2
107.3,Nation Radio (Wales),Nation,"Oldies, Adult",1.25,Swansea area,Kilvey Hill,SS 672 940,FM,CCDA
107.3,Alfred,Community,Mixed Format,0.025,"Shaftesbury, Dorset",Shaftesbury Trinity Centre,ST 861 230,FM,
107.3,Alive Radio,Community,Mixed Format,0.16,Dumfries,Dumfries,NX 967 758,FM,
107.3,Cando FM,Community,Mixed Format,0.05,"Ulverston, Cumbria",Ulverston St Marys,SD 292 789,FM,
107.3,Fever FM,Community,Asian,0.025,North Leeds,Potternewton Lane,SE 302 366,FM,
107.3,Lionheart Radio,Community,Mixed Format,0.022,"Alnwick, Northumberland",Alnwick Moor,NU 177 127,FM,
107.3,Mearns FM,Community,Mixed Format,0.025,"Laurencekirk, Aberdeenshire",Laurencekirk,NO 747 710,FM,CCA3
107.3,Reprezent FM,Community,Rhythmic New Music,0.18,South London,Lewisham,TQ 352 738,FM,
107.3,Vibe 1,Community,Mixed Format,0.025,Stafford,Stafford Octagon,SJ 946 239,FM,
107.3,Wallingford Radio,Community,Mixed Format,0.025,"Wallingford, Oxfordshire",Wallingford Ayres Ind Est,SU 603 897,FM,
107.3,Witham Radio,Community,"Contemporary, New Music",0.025,Lincoln,Lincoln University,SK 969 712,FM,
107.3,Basildon Hospital Radio,Hospital RSL,Mixed Music,0.002,"Basildon, Essex",Basildon University Hosp,TQ 701 873,FM,
107.3,Hospital Radio Plymouth,Hospital RSL,Mixed Music,,Plymouth,Derriford Hospital,SX 499 595,FM,
107.3,Snetterton FM part time,Sports RSL,Motor Racing,0.002,"Snetterton Circuit, Norfolk","Snetterton Circuit, Norfolk",TM 001 892,FM,
107.4,Greatest Hits Radio,Bauer,Oldies,0.1,Telford area,Heath Hill,SJ 681 077,FM,C2D4
107.4,Greatest Hits Radio,Bauer,Oldies,0.179,Bolton and Bury area,"Old Holts Fm, Tottington",SD 763 121,FM,C2D4
107.4,Greatest Hits Radio,Bauer,Oldies,0.02,"Hungerford, Berkshire",Hungerford,SU 338 674,FM,C2D4
107.4,Greatest Hits Radio,Bauer,Oldies,0.1,"Bridgwater area, Somerset",Bridgwater,ST 293 357,FM,C2D4
107.4,Greatest Hits Radio,Bauer,Oldies,0.1,Chesterfield area,Chesterfield,SK 383 764,FM,C2D4
107.4,Nation's Easy Radio,Nation,Easy Listening,0.1,Portsmouth area,Fort Southwick,SU 626 069,FM,C5DA
107.4,Smooth Radio (East Midlands),Communicorp,"Oldies, Easy Listening",0.2,Kettering and Corby,Geddington,SP 908 839,FM,C4D4
107.4,Chiltern Voice,Community,Mixed Format,0.1,"Amersham and Chesham, Bucks",Amersham Beacon Schl,SU 958 997,FM,
107.4,Crystal FM,Community,Mixed Format,0.04,"Penicuik, Lothian",Penicuik Cricket Club,NT 237 602,FM,
107.4,Deveron FM,Community,Mixed Format,0.1,"Banff, Aberdeenshire",Banff,NJ 687 645,FM,CBA3
107.4,Harbour Radio,Community,Mixed Format,0.032,"Great Yarmouth, Norfolk",Great Yarmouth King StreetTG,526 072,FM,
107.4,107 FM,Community,Mixed Format,0.05,Kingston upon Hull,Muswell Court,TA 133 324,FM,
107.4,Tempo FM,Community,Mixed Format,0.02,"Wetherby, West Yorks",Wetherby,SE 407 486,FM,
107.4,WRFM,Community,Mixed Format,0.025,"Chipping Norton, Oxfordshire",Chipping Norton,SP 314 266,FM,C9A5
107.4,News Talk 106-108 FM,Bauer (Ireland),"News, Talk",2,North West Ireland (mono),Truskmore,,FM,E6C0
107.4,News Talk 106-108 FM,Bauer (Ireland),"News, Talk",4,Kerry & West County Cork (mono),Mullaghanish,,FM,E6C0
107.4,News Talk 106-108 FM,Bauer (Ireland),"News, Talk",0.1,Waterford City (mono),Gallows Hill,,FM,E6C0
107.5,Greatest Hits Radio,Bauer,Oldies,0.1,"Warminster, Westbury & Frome",Warminster,ST 874 462,FM,C2D4
107.5,Greatest Hits Radio,Bauer,Oldies,0.1,Cheltenham & Tewkesbury area,Eagle Star Building,SO 948 217,FM,C2D4
107.5,More Radio,MSH,"Adult, Oldies",0.1,Eastbourne area,"Butts Brow, Hailsham",TQ 580 015,FM,C6DF
107.5,Smooth Radio (North East),Communicorp,"Oldies, Easy Listening",0.05,"West Tyneside, Tyne & Wear",Fenham,NZ 216 648,FM,C7D4
107.5,Time 107.5 FM,Sunrise,"Adult, Soul",0.406,"Romford, Barking & Dagenham",Mercury House,TQ 514 889,FM,C8A5
107.5,Beyond Radio,Community,Mixed Format,0.02,"Carnforth area, Lancashire",Carnforth,SD 502 708,FM,
107.5,BFBS Northern Ireland,Community,Contemp/Adult (for Army),0.025,"Ballykinlar, Northern Ireland",Abercorn Barracks,IJ 463 364,FM,C261
107.5,Eden FM,Community,Mixed Format,0.05,"Penrith, Cumbria",Penrith Newton Rigg,NY 493 311,FM,
107.5,Felixstowe Radio,Community,Mixed Format,0.025,"Felixstowe, Suffolk",Felixstowe - Academy,TM 290 358,FM,
107.5,Fuse FM,Community,Mixed Format,0.026,"Ballymoney, County Antrim",Ballymoney Baptist Ch,IC 968 253,FM,
107.5,Hitmix Radio,Community,Mixed Format,0.031,"Newcastle under Lyme, Staffs",Alsagers Bank High Lane,SJ 812 481,FM,
107.5,Quality Radio,Community,Mixed Format,0.15,Paisley,Paisley – Oliphant Court,NS 456 618,FM,
107.5,RNA FM,Independent,Mixed Music,0.025,"Carnoustie, Angus",Carnoustie High School,NO 554 351,FM,
107.5,Switch Radio,Community,Mixed Format,0.025,NE Birmingham and Solihull,Castle Vale,SP 140 914,FM,
107.5,Thornbury Radio,Community,Mixed Format,,South Gloucestershire,,,FM,
107.5,TMCR,Community,Mixed Format,0.06,"Epworth area, North Lincolnshire",Epworth,SE 781 033,FM,
107.6,Capital (Liverpool),Global Radio,Contemporary,0.378,Liverpool area,Liverpool Anglican Cath,SJ 354 849,FM,C6C3
107.6,Capital (Midlands),Global Radio,Contemporary,0.2,Banbury and Brackley area,Farthinghoe,SP 532 387,FM,C4C0
107.6,Greatest Hits Radio,Bauer,Oldies,0.1,Basingstoke,Broadmere St Andrews Ch,SU 625 475,FM,C2D4
107.6,Hits Radio (South),Bauer,"Contemporary, 10s, 00s",1,Bournemouth area,West Howe,SZ 043 951,FM,C5D2
107.6,Heart Yorkshire,Communicorp,Pop Hits from 90s to present,0.1,Bradford area,Idle,SE 163 374,FM,CAC8
107.6,KM-FM,Kent Messenger,Contemporary,0.5,"Ashford area, Kent",Charter House,TR 011 429,FM,C5DF
107.6,Q Radio,Northern Media,Adult,0.187,"Armagh, Northern Ireland",Armagh City Hotel,IH 878 448,FM,C6B6
107.6,Q Radio,Northern Media,Adult,0.15,"Larne, Northern Ireland",Cross Hill,IJ 378 967,FM,C6B6
107.6,Castledown FM,Community,Mixed Format,0.025,"Tidworth area, Wiltshire",Tidworth Beech Hill Road,SU 241 492,FM,
107.6,Dawn FM,Community,Asian,0.05,Nottingham,Mapperley Ridge,SK 582 428,FM,
107.6,East Coast FM,Community,Mixed Format,0.025,"Haddington, East Lothian",Garleton Hills,NT 513 760,FM,
107.6,Ninesprings Radio,Community,Mixed Format,0.042,"Chard, Somerset",Cricket St Thomas,ST 371 094,FM,CEA5
107.6,Park Radio,Community,Mixed Format,0.2,"Diss, Norfolk",Diss,TM 115 802,FM,
107.6,Radio Scarborough,Community,Mixed Format,0.025,"Scarborough, North Yorkshire",Oliver's Mount B,TA 040 870,FM,
107.6,Skylark Radio,Community,Experimental,0.2,"Buckfastleigh area, Devon",Holne Higher Mill Leat Fm,SX 716 690,FM,
107.6,Vibe FM,Community,"New Music, Pop",0.2,Watford,Watford YCMA,TQ 110 965,FM,
107.6,News Talk 106-108 FM,Bauer (Ireland),"News, Talk",15,West Ireland (mono),Maghera,,FM,E6C0
107.6,News Talk 106-108 FM,Bauer (Ireland),"News, Talk",3,West Waterford (mono),Dungarvan,,FM,E6C0
107.6,News Talk 106-108 FM,Bauer (Ireland),"News, Talk",4,North Donegal (mono),Fanad,,FM,E6C0
107.6,News Talk 106-108 FM,Bauer (Ireland),"News, Talk",1,"Meath, Kildare, NW Wicklow (m)",Saggart,,FM,E6C0
107.6,News Talk 106-108 FM,Bauer (Ireland),"News, Talk",0.1,Drogheda,Drogheda,,FM,E6C0
107.7,Argyll FM,Independent,"Adult, Contemporary",0.5,"S Kapdale, E Islay, Jura",South Knapdale,NR 837 748,FM,C5A3
107.7,Radio Essex,Adventure,Contemporary,0.394,Chelmsford area,Church Green,TL 779 050,FM,
107.7,Greatest Hits Radio,Bauer,Oldies,0.2,Peterborough area,Gunthorpe,TF 187 036,FM,C2D4
107.7,Greatest Hits Radio,Bauer,Oldies,0.1,Wolverhampton area,Mander House,SO 915 986,FM,C2D4
107.7,Greatest Hits Radio,Bauer,Oldies,0.1,"Weston-super-mare, Burnham",Worlebury Hill,ST 325 627,FM,C2D4
107.7,Greatest Hits Radio,Bauer,Oldies,0.2,Swindon area,Blunsdon,SU 143 900,FM,C2D4
107.7,Heart North Wales,Communicorp,Pop Hits from 90s to present,12.5,Ceredigion,Blaenplwyf,SN 569 756,FM,CDC8
107.7,Heart Yorkshire,Communicorp,Pop Hits from 90s to present,0.1,Sheffield and Rotherham,"Tapton Hill, Sheffield",SK 324 870,FM,CAC8
107.7,More Radio,MSH,"Adult, Oldies",0.25,Worthing,Findon,TQ 120 073,FM,C6DF
107.7,Smooth Radio (North East),Communicorp,"Oldies, Easy Listening",5,Teesside,Eston Nab,NZ 569 183,FM,C7D4
107.7,Soleil Radio,Tindle,Oldies,0.2,"St Helier, Jersey",St Helier Bath Street,CI 926 208,FM,C4A1
107.7,Keith Community Radio,Community,Mixed Format,0.85,Moray,Tor Sliasg,NJ 425 581,FM,
107.7,Listen Lanarkshire,Community,Mixed Format,0.035,"Shotts area, N Lanarkshire",Shotts,NS 885 591,FM,
107.7,Autoroute Info,France,French Travel News,,"Calais, France (6)","Calais, France",,FM,F230
107.8,Greatest Hits Radio,Bauer,Oldies,1,"Craven District, incl Skipton",Procter Heights,SD 936 461,FM,C2D4
107.8,Radio Jackie,Independent,"Adult, Oldies",0.8,"Kingston area, SW London",Tolworth Tower,TQ 198 659,FM,C6A5
107.8,More Radio,MSH,"Adult, Oldies",0.1,Hastings,Hastings,TQ 807 100,FM,C6DF
107.8,Nation's Easy Radio,Nation,Easy Listening,0.9,Southampton area,Chilworth,SU 406 180,FM,C5DA
107.8,Sunshine Radio,Sunshine Group,"Adult, Oldies",0.25,"S Shrops, N Herefords, NW Worcs",Clee Hill (Hill Top House),SO 595 758,FM,C5E1
107.8,Sunshine 107,Sunshine Group,"Adult, Oldies",0.04,Abergavenny and Usk Valley,Abergavenny,SO 244 126,FM,
107.8,Academy FM (Thanet),Community,Mixed Format,0.05,"Thanet, Kent",Royal Harbour Academy,TR 363 667,FM,
107.8,Beverley FM,Community,Mixed Format,0.05,"Beverley, East Yorkshire",Beverley Race Course,TA 014 397,FM,
107.8,Black Diamond FM,Community,Mixed Format,0.2,Dalkeith and Midlothian,Newtongrange Newbattle,NT 337 649,FM,
107.8,Future Radio,Community,Mixed Format,0.1,Norwich,Markham Tower,TG 213 109,FM,
107.8,Radio Ikhlas,Community,Asian,0.025,Derby,Derby Clarence Road,SK 345 344,FM,
107.8,Inspiration FM,Community,"Soul, Reggae, Dance",0.035,Northampton,Northampton Sheep St,SP 754 607,FM,
107.8,Radio Newark,Community,Mixed Format,0.025,"Newark, Nottinghamshire",St Mary Magdalene Ch,SK 799 399,FM,
107.8,The Voice,Community,Mixed Format,0.1,"Bideford, Devon",Holmacott,SS 504 289,FM,CAA5
107.8,The Voice,Community,Mixed Format,0.068,"Ilfracombe, Devon",Ilfracombe Holiday Park,SS 524 468,FM,CAA5
107.8,Your FM,Community,Mixed Format,0.025,Stockport,Ratcliffe Towers,SJ 897 898,FM,
107.8,News Talk 106-108 FM,Bauer (Ireland),"News, Talk",1,Cork City & SE Co. Cork (mono),Spur Hill,,FM,E6C0
107.8,News Talk 106-108 FM,Bauer (Ireland),"News, Talk",1,West Kerry (mono),Cahirciveen,,FM,E6C0
107.8,News Talk 106-108 FM,Bauer (Ireland),"News, Talk",1,Mid Tipperary (mono),Kilduff,,FM,E6C0
107.8,News Talk 106-108 FM,Bauer (Ireland),"News, Talk",0.25,"Gorey, County Wexford (mono)",Gorey,,FM,E6C0
107.8,News Talk 106-108 FM,Bauer (Ireland),"News, Talk",0.4,South Wexford (mono),Forth Mountain,,FM,E6C0
107.8,News Talk 106-108 FM,Bauer (Ireland),"News, Talk",0.25,"Westport, County Mayo (mono)",Westport,,FM,E6C0
107.8,Belfield FM,Irish Student,New Music,,Dublin City,,,FM,
107.9,Fosse 107,Independent,"Adult, Rock",0.2,Hinckley & SW Leicestershire,Hinckley,SP 427 944,FM,C9A5
107.9,Greatest Hits Radio,Bauer,Oldies,0.1,Bath,Bath,ST 769 654,FM,C2D4
107.9,Greatest Hits Radio,Bauer,Oldies,0.1,North Nottinghamshire,Worksop Golf Course,SK 595 775,FM,C2D4
107.9,Hits Radio (South),Bauer,"Contemporary, 10s, 00s",0.2,Oxford,Boars Hill,SP 483 030,FM,C5D2
107.9,Hits Radio,Bauer,"Contemporary, 10s, 00s",0.02,"Haverhill, Suffolk",Haverhill,TL 675 469,FM,C2D2
107.9,KM-FM,Kent Messenger,Contemporary,0.474,Medway towns,Hoo St Werburgh,TQ 774 731,FM,C5DF
107.9,Camglen Radio,Community,Mixed Format,0.025,Cambusland and Rutherglen,Rutherglen,NS 616 616,FM,
107.9,The Cat,Community,Mixed Format,0.1,Crewe and Nantwich,Crewe,SJ 696 547,FM,
107.9,GTFM,Community,Mixed Format,0.1,"Pontypridd, South Wales",Bryn Tail Farm,ST 093 899,FM,CCE0
107.9,Islands FM,Community,Mixed Format,0.025,Isles of Scilly,Marine & Coastguard AgencSyV,912 121,FM,
107.9,Mighty Radio,Community,Mixed Format,0.026,Southport,Holy Trinity Church,SD 342 176,FM,
107.9,Riviera Radio,Community,Mixed Format,0.34,Torbay,Torquay Town,SX 916 687,FM,
107.9,Radio Sangam,Community,Asian,0.04,Huddersfield,Huddersfield,SE 123 176,FM,
107.9,News Talk 106-108 FM,Bauer (Ireland),"News, Talk",4,NE Republic of Ireland (mono),Clermont Carn,,FM,E6C0
